timestamp,open,close,high,low,volume,tradesCount,completed
2025-05-29 14:00:00+02:00,6.5,6.7585,6.7585,6.5,0.0,1,True
2025-05-29 15:00:00+02:00,6.7585,6.6936,6.7601,6.6936,0.0,2,True
2025-05-29 16:00:00+02:00,6.6936,6.6912,6.6936,6.6912,0.0,1,True
2025-05-29 17:00:00+02:00,6.6912,6.7535,6.7535,6.6912,0.0,1,True
2025-05-29 18:00:00+02:00,6.7535,6.7535,6.7535,6.7535,0.0,0,True
2025-05-29 19:00:00+02:00,6.7535,6.7535,6.7535,6.7535,0.0,0,True
2025-05-29 20:00:00+02:00,6.7535,6.685,6.7535,6.685,0.0,1,True
2025-05-29 21:00:00+02:00,6.685,6.6747,6.685,6.6747,0.0,1,True
2025-05-29 22:00:00+02:00,6.6747,6.669,6.6747,6.669,0.0,1,True
2025-05-29 23:00:00+02:00,6.669,6.7362,6.7362,6.669,0.0,1,True
2025-05-30 00:00:00+02:00,6.7362,6.6818,6.7362,6.6818,0.0,1,True
2025-05-30 01:00:00+02:00,6.6818,6.823,6.823,6.6818,0.0,1,True
2025-05-30 02:00:00+02:00,6.823,6.8464,6.8464,6.823,0.0,1,True
2025-05-30 03:00:00+02:00,6.8464,6.8575,6.8575,6.8464,0.0,1,True
2025-05-30 04:00:00+02:00,6.8575,6.8057,6.8575,6.8057,0.0,1,True
2025-05-30 05:00:00+02:00,6.8057,6.8067,6.8067,6.7078,0.0,2,True
2025-05-30 06:00:00+02:00,6.8067,6.8091,6.8091,6.8067,0.0,1,True
2025-05-30 07:00:00+02:00,6.8091,6.8091,6.8091,6.8091,0.0,0,True
2025-05-30 08:00:00+02:00,6.8091,6.7417,6.8091,6.7417,0.0,1,True
2025-05-30 09:00:00+02:00,6.7417,6.7911,6.7911,6.7417,0.0,1,True
2025-05-30 10:00:00+02:00,6.7911,6.6963,6.7911,6.6963,0.0,1,True
2025-05-30 11:00:00+02:00,6.6963,6.6875,6.6963,6.6875,0.0,1,True
2025-05-30 12:00:00+02:00,6.6875,6.8083,6.8083,6.6872,0.0,2,True
2025-05-30 13:00:00+02:00,6.8083,6.755,6.8083,6.755,0.0,1,True
2025-05-30 14:00:00+02:00,6.755,6.755,6.755,6.755,0.0,0,True
2025-05-30 15:00:00+02:00,6.755,6.3668,6.7648,6.3339,0.0,3,True
2025-05-30 16:00:00+02:00,6.3668,6.798,6.798,6.3668,0.0,2,True
2025-05-30 17:00:00+02:00,6.798,6.2643,7.627,6.2643,0.0001,6,True
2025-05-30 18:00:00+02:00,6.2643,6.2944,6.2944,6.2643,0.0,2,True
2025-05-30 19:00:00+02:00,6.2944,7.1503,7.1503,6.2944,0.0,3,True
2025-05-30 20:00:00+02:00,7.1503,7.3477,7.3477,7.1503,0.0,2,True
2025-05-30 21:00:00+02:00,7.3477,6.9084,7.3477,6.9084,0.0,2,True
2025-05-30 22:00:00+02:00,6.9084,7.0922,7.2096,6.9014,0.0,4,True
2025-05-30 23:00:00+02:00,7.0922,6.8048,7.0922,6.7971,0.0,2,True
2025-05-31 00:00:00+02:00,6.8048,6.2194,6.8048,6.2194,0.0,1,True
2025-05-31 01:00:00+02:00,6.2194,6.3793,6.4034,6.2194,0.0,2,True
2025-05-31 02:00:00+02:00,6.3793,7.1253,7.1253,6.3793,0.0,2,True
2025-05-31 03:00:00+02:00,7.1253,7.0847,7.1253,7.0847,0.0,1,True
2025-05-31 04:00:00+02:00,7.0847,7.446,7.5779,7.0847,0.0,3,True
2025-05-31 05:00:00+02:00,7.446,6.9934,7.5008,6.9934,0.0,2,True
2025-05-31 06:00:00+02:00,6.9934,6.9953,6.9953,6.9934,0.0,1,True
2025-05-31 07:00:00+02:00,6.9953,6.6555,6.9953,6.6555,0.0,1,True
2025-05-31 08:00:00+02:00,6.6555,6.2639,6.6555,6.2639,0.0,2,True
2025-05-31 09:00:00+02:00,6.2639,6.6741,6.6741,6.0394,0.0,4,True
2025-05-31 10:00:00+02:00,6.6741,6.2213,6.679,6.221,0.0,3,True
2025-05-31 11:00:00+02:00,6.2213,6.8754,6.8754,6.2213,0.0,2,True
2025-05-31 12:00:00+02:00,6.8754,6.649,6.8754,6.649,0.0,2,True
2025-05-31 13:00:00+02:00,6.649,6.2009,6.815,6.2009,0.0,3,True
2025-05-31 14:00:00+02:00,6.2009,6.1887,6.2009,6.1887,0.0,1,True
2025-05-31 15:00:00+02:00,6.1887,6.1076,6.1887,5.8574,0.0,3,True
2025-05-31 16:00:00+02:00,6.1076,6.4061,6.4061,6.1076,0.0,2,True
2025-05-31 17:00:00+02:00,6.4061,6.9029,6.9029,6.4061,0.0,2,True
2025-05-31 18:00:00+02:00,6.9029,6.6271,6.9029,6.2349,0.0,3,True
2025-05-31 19:00:00+02:00,6.6271,6.593,6.6271,6.593,0.0,1,True
2025-05-31 20:00:00+02:00,6.593,7.2563,7.2563,6.5876,0.0,3,True
2025-05-31 21:00:00+02:00,7.2563,6.6897,7.2563,6.6897,0.0,2,True
2025-05-31 22:00:00+02:00,6.6897,6.6948,6.6948,6.6897,0.0,1,True
2025-05-31 23:00:00+02:00,6.6948,7.1739,7.1739,6.6948,0.0,2,True
2025-06-01 00:00:00+02:00,7.1739,7.2034,7.4187,6.5836,0.0001,7,True
2025-06-01 01:00:00+02:00,7.2034,6.1084,7.2034,6.1084,0.0,3,True
2025-06-01 02:00:00+02:00,6.1084,5.7317,6.1084,5.7317,0.0,1,True
2025-06-01 03:00:00+02:00,5.7317,5.9832,5.9832,5.7317,0.0,3,True
2025-06-01 04:00:00+02:00,5.9832,6.3484,6.3484,5.7731,0.0,2,True
2025-06-01 05:00:00+02:00,6.3484,6.2346,6.3484,6.0983,0.0,2,True
2025-06-01 06:00:00+02:00,6.2346,6.3061,6.3061,6.1697,0.0,2,True
2025-06-01 07:00:00+02:00,6.3061,5.1731,6.3061,5.1731,0.0,3,True
2025-06-01 08:00:00+02:00,5.1731,5.3813,5.9214,5.0813,0.0,5,True
2025-06-01 09:00:00+02:00,5.3813,5.5057,5.5057,5.2155,0.0,3,True
2025-06-01 10:00:00+02:00,5.5057,6.1515,6.1515,5.1861,0.0,3,True
2025-06-01 11:00:00+02:00,6.1515,5.593,6.2569,5.593,0.0,3,True
2025-06-01 12:00:00+02:00,5.593,5.7416,5.7416,5.593,0.0,1,True
2025-06-01 13:00:00+02:00,5.7416,6.3753,6.6505,5.7416,0.0,4,True
2025-06-01 14:00:00+02:00,6.3753,5.8639,6.3753,5.8639,0.0,1,True
2025-06-01 15:00:00+02:00,5.8639,5.3944,5.9906,5.3944,0.0,2,True
2025-06-01 16:00:00+02:00,5.3944,6.2605,6.2605,5.3944,0.0,4,True
2025-06-01 17:00:00+02:00,6.2605,5.3974,6.2605,5.3974,0.0,2,True
2025-06-01 18:00:00+02:00,5.3974,5.7497,5.7497,5.3974,0.0,2,True
2025-06-01 19:00:00+02:00,5.7497,5.7572,5.9549,5.7497,0.0,2,True
2025-06-01 20:00:00+02:00,5.7572,5.6844,5.7572,5.6804,0.0,3,True
2025-06-01 21:00:00+02:00,5.6844,6.1137,6.314,5.6844,0.0,3,True
2025-06-01 22:00:00+02:00,6.1137,5.7954,6.3784,5.6169,0.0,5,True
2025-06-01 23:00:00+02:00,5.7954,6.2956,6.2956,5.7954,0.0,2,True
2025-06-02 00:00:00+02:00,6.2956,6.4143,6.5887,6.1212,0.0,4,True
2025-06-02 01:00:00+02:00,6.4143,6.4963,6.4963,6.3239,0.0,3,True
2025-06-02 02:00:00+02:00,6.4963,6.8457,6.9044,6.4963,0.0,2,True
2025-06-02 03:00:00+02:00,6.8457,6.7613,6.888,6.7613,0.0,2,True
2025-06-02 04:00:00+02:00,6.7613,5.884,6.7613,5.884,0.0,3,True
2025-06-02 05:00:00+02:00,5.884,6.3623,6.3623,5.7804,0.0,2,True
2025-06-02 06:00:00+02:00,6.3623,6.5447,6.5447,6.2116,0.0,2,True
2025-06-02 07:00:00+02:00,6.5447,6.6839,6.6839,6.5447,0.0,1,True
2025-06-02 08:00:00+02:00,6.6839,6.9759,6.9759,6.372,0.0,4,True
2025-06-02 09:00:00+02:00,6.9759,6.6947,6.9759,6.6396,0.0,5,True
2025-06-02 10:00:00+02:00,6.6947,6.1404,6.6947,6.108,0.0,2,True
2025-06-02 11:00:00+02:00,6.1404,6.8006,6.8006,6.1404,0.0,3,True
2025-06-02 12:00:00+02:00,6.8006,6.8006,6.8006,6.8006,0.0,0,True
2025-06-02 13:00:00+02:00,6.8006,6.3493,6.8006,6.3493,0.0,4,True
2025-06-02 14:00:00+02:00,6.3493,6.1354,6.3493,6.1354,0.0,2,True
2025-06-02 15:00:00+02:00,6.1354,5.9795,6.1354,5.8637,0.0,2,True
2025-06-02 16:00:00+02:00,5.9795,6.5147,6.5718,5.9795,0.0,2,True
2025-06-02 17:00:00+02:00,6.5147,6.1494,6.5147,5.9855,0.0,4,True
2025-06-02 18:00:00+02:00,6.1494,6.0582,6.1973,6.0582,0.0,2,True
2025-06-02 19:00:00+02:00,6.0582,5.5312,6.0582,5.52,0.0,3,True
2025-06-02 20:00:00+02:00,5.5312,5.9857,6.0544,5.5312,0.0,3,True
2025-06-02 21:00:00+02:00,5.9857,6.0454,6.1601,5.6044,0.0,6,True
2025-06-02 22:00:00+02:00,6.0454,6.5327,6.5327,6.0454,0.0,4,True
2025-06-02 23:00:00+02:00,6.5327,6.562,6.6722,6.5327,0.0,3,True
2025-06-03 00:00:00+02:00,6.562,6.5976,6.5976,6.0785,0.0,3,True
2025-06-03 01:00:00+02:00,6.5976,6.2016,6.5976,6.2016,0.0,2,True
2025-06-03 02:00:00+02:00,6.2016,6.0259,6.4664,6.0259,0.0,3,True
2025-06-03 03:00:00+02:00,6.0259,6.1884,6.2846,6.0259,0.0,2,True
2025-06-03 04:00:00+02:00,6.1884,6.5083,6.5083,6.1884,0.0,1,True
2025-06-03 05:00:00+02:00,6.5083,6.5651,6.5651,6.471,0.0,3,True
2025-06-03 06:00:00+02:00,6.5651,6.3457,6.5651,6.3457,0.0,1,True
2025-06-03 07:00:00+02:00,6.3457,6.0347,6.4972,6.0347,0.0,4,True
2025-06-03 08:00:00+02:00,6.0347,6.1128,6.4247,6.0347,0.0,4,True
2025-06-03 09:00:00+02:00,6.1128,5.6384,6.1128,5.5069,0.0,3,True
2025-06-03 10:00:00+02:00,5.6384,5.7521,5.9265,5.6384,0.0,2,True
2025-06-03 11:00:00+02:00,5.7521,6.0472,6.2383,5.3902,0.0001,5,True
2025-06-03 12:00:00+02:00,6.0472,5.5985,6.0472,3.4543,0.0001,9,True
2025-06-03 13:00:00+02:00,5.5985,6.2571,6.2571,5.5985,0.0,7,True
2025-06-03 14:00:00+02:00,6.2571,5.9719,6.2571,5.91,0.0,4,True
2025-06-03 15:00:00+02:00,5.9719,6.1019,6.2365,5.9719,0.0,3,True
2025-06-03 16:00:00+02:00,6.1019,5.9755,6.2422,5.9755,0.0,3,True
2025-06-03 17:00:00+02:00,5.9755,5.5989,6.04,5.5989,0.0,2,True
2025-06-03 18:00:00+02:00,5.5989,5.7649,5.7649,5.5989,0.0,3,True
2025-06-03 19:00:00+02:00,5.7649,5.8664,6.0596,5.7649,0.0,3,True
2025-06-03 20:00:00+02:00,5.8664,5.7667,5.8664,5.3041,0.0,3,True
2025-06-03 21:00:00+02:00,5.7667,5.4326,5.7667,5.4326,0.0,2,True
2025-06-03 22:00:00+02:00,5.4326,5.6558,5.6558,5.4326,0.0,2,True
2025-06-03 23:00:00+02:00,5.6558,5.8789,5.8789,5.6558,0.0,3,True
2025-06-04 00:00:00+02:00,5.8789,5.6571,5.8789,5.6571,0.0,3,True
2025-06-04 01:00:00+02:00,5.6571,6.2906,6.2906,5.6571,0.0,3,True
2025-06-04 02:00:00+02:00,6.2906,5.9651,6.2906,5.9651,0.0,2,True
2025-06-04 03:00:00+02:00,5.9651,5.8523,5.9651,5.8523,0.0,2,True
2025-06-04 04:00:00+02:00,5.8523,6.1327,6.1327,5.8523,0.0,1,True
2025-06-04 05:00:00+02:00,6.1327,6.4096,6.4325,6.1327,0.0,3,True
2025-06-04 06:00:00+02:00,6.4096,6.6962,6.6962,6.4096,0.0,2,True
2025-06-04 07:00:00+02:00,6.6962,6.6856,6.6962,6.6022,0.0,2,True
2025-06-04 08:00:00+02:00,6.6856,6.3828,6.6856,6.254,0.0,2,True
2025-06-04 09:00:00+02:00,6.3828,6.5781,6.5781,6.2422,0.0,5,True
2025-06-04 10:00:00+02:00,6.5781,6.6134,6.6134,6.5781,0.0,1,True
2025-06-04 11:00:00+02:00,6.6134,6.7506,6.7506,6.2971,0.0,2,True
2025-06-04 12:00:00+02:00,6.7506,6.0603,6.7813,6.0603,0.0,3,True
2025-06-04 13:00:00+02:00,6.0603,6.061,6.3404,5.9611,0.0,4,True
2025-06-04 14:00:00+02:00,6.061,5.8839,6.061,5.8839,0.0,1,True
2025-06-04 15:00:00+02:00,5.8839,6.7001,6.7001,5.8839,0.0,3,True
2025-06-04 16:00:00+02:00,6.7001,6.1936,6.8719,6.1936,0.0,4,True
2025-06-04 17:00:00+02:00,6.1936,5.7857,6.1936,5.7857,0.0,2,True
2025-06-04 18:00:00+02:00,5.7857,5.6245,5.8589,5.6245,0.0,3,True
2025-06-04 19:00:00+02:00,5.6245,5.8442,5.8442,5.6245,0.0,1,True
2025-06-04 20:00:00+02:00,5.8442,5.7811,6.2178,5.7811,0.0,3,True
2025-06-04 21:00:00+02:00,5.7811,5.736,5.7811,5.6341,0.0,3,True
2025-06-04 22:00:00+02:00,5.736,6.1867,6.1867,5.736,0.0,2,True
2025-06-04 23:00:00+02:00,6.1867,6.147,6.225,6.0193,0.0,3,True
2025-06-05 00:00:00+02:00,6.147,5.9856,6.2693,5.9856,0.0,2,True
2025-06-05 01:00:00+02:00,5.9856,5.8702,5.9856,5.8702,0.0,2,True
2025-06-05 02:00:00+02:00,5.8702,5.5069,5.8702,5.4098,0.0,2,True
2025-06-05 03:00:00+02:00,5.5069,5.854,5.854,5.5069,0.0,2,True
2025-06-05 04:00:00+02:00,5.854,6.1166,6.2382,5.854,0.0,3,True
2025-06-05 05:00:00+02:00,6.1166,5.9375,6.1166,5.8833,0.0,2,True
2025-06-05 06:00:00+02:00,5.9375,5.8855,6.0287,5.8422,0.0,4,True
2025-06-05 07:00:00+02:00,5.8855,5.9965,6.1316,5.8855,0.0,2,True
2025-06-05 08:00:00+02:00,5.9965,6.1031,6.249,5.9965,0.0,2,True
2025-06-05 09:00:00+02:00,6.1031,6.0305,6.1031,5.9048,0.0,2,True
2025-06-05 10:00:00+02:00,6.0305,5.9465,6.0915,5.922,0.0,3,True
2025-06-05 11:00:00+02:00,5.9465,6.0979,6.0979,5.9465,0.0,1,True
2025-06-05 12:00:00+02:00,6.0979,5.6905,6.0979,5.5983,0.0,4,True
2025-06-05 13:00:00+02:00,5.6905,6.0351,6.0351,5.6905,0.0,3,True
2025-06-05 14:00:00+02:00,6.0351,6.247,6.2882,6.0351,0.0,2,True
2025-06-05 15:00:00+02:00,6.247,6.1741,6.3518,6.1741,0.0,2,True
2025-06-05 16:00:00+02:00,6.1741,6.0263,6.2001,6.0263,0.0,3,True
2025-06-05 17:00:00+02:00,6.0263,5.9882,6.1247,5.9882,0.0,2,True
2025-06-05 18:00:00+02:00,5.9882,5.9799,6.0875,5.9799,0.0,3,True
2025-06-05 19:00:00+02:00,5.9799,6.3527,6.4362,5.9799,0.0,2,True
2025-06-05 20:00:00+02:00,6.3527,6.6033,6.7076,6.3527,0.0,3,True
2025-06-05 21:00:00+02:00,6.6033,6.2373,6.6033,6.2373,0.0,1,True
2025-06-05 22:00:00+02:00,6.2373,6.2373,6.2373,6.2373,0.0,0,True
2025-06-05 23:00:00+02:00,6.2373,6.0955,6.2373,6.0955,0.0,2,True
2025-06-06 00:00:00+02:00,6.0955,5.8658,6.2116,5.6966,0.0,4,True
2025-06-06 01:00:00+02:00,5.8658,5.6701,5.8658,5.6701,0.0,2,True
2025-06-06 02:00:00+02:00,5.6701,5.8068,6.0867,5.6701,0.0,3,True
2025-06-06 03:00:00+02:00,5.8068,5.7586,5.9047,5.7586,0.0,3,True
2025-06-06 04:00:00+02:00,5.7586,6.1104,6.1104,5.6368,0.0,3,True
2025-06-06 05:00:00+02:00,6.1104,5.4649,6.1104,5.4649,0.0,3,True
2025-06-06 06:00:00+02:00,5.4649,5.7311,5.7311,5.4649,0.0,2,True
2025-06-06 07:00:00+02:00,5.7311,6.2505,6.2505,5.7311,0.0,2,True
2025-06-06 08:00:00+02:00,6.2505,6.0316,6.2738,6.0316,0.0,2,True
2025-06-06 09:00:00+02:00,6.0316,5.9293,6.0316,5.8286,0.0,3,True
2025-06-06 10:00:00+02:00,5.9293,6.142,6.142,5.8878,0.0,2,True
2025-06-06 11:00:00+02:00,6.142,5.79,6.142,5.79,0.0,2,True
2025-06-06 12:00:00+02:00,5.79,5.5225,5.79,5.5225,0.0,2,True
2025-06-06 13:00:00+02:00,5.5225,5.9265,5.9298,5.5225,0.0,3,True
2025-06-06 14:00:00+02:00,5.9265,5.9262,5.9265,5.8515,0.0,2,True
2025-06-06 15:00:00+02:00,5.9262,5.5361,5.9262,5.5361,0.0,2,True
2025-06-06 16:00:00+02:00,5.5361,5.6829,5.6829,4.9939,0.0,6,True
2025-06-06 17:00:00+02:00,5.6829,5.541,5.6829,5.4165,0.0,2,True
2025-06-06 18:00:00+02:00,5.541,5.2606,5.541,5.1,0.0,2,True
2025-06-06 19:00:00+02:00,5.2606,5.1851,5.6154,5.1851,0.0,3,True
2025-06-06 20:00:00+02:00,5.1851,5.2541,5.4568,5.1851,0.0,4,True
2025-06-06 21:00:00+02:00,5.2541,5.3418,5.3418,5.2541,0.0,1,True
2025-06-06 22:00:00+02:00,5.3418,5.2326,5.4672,5.0481,0.0,4,True
2025-06-06 23:00:00+02:00,5.2326,5.3153,5.3153,5.0616,0.0,2,True
2025-06-07 00:00:00+02:00,5.3153,5.5032,5.5274,5.3153,0.0,2,True
2025-06-07 01:00:00+02:00,5.5032,5.3824,5.5032,5.1836,0.0,3,True
2025-06-07 02:00:00+02:00,5.3824,5.9376,5.9376,5.3824,0.0,2,True
2025-06-07 03:00:00+02:00,5.9376,5.9373,5.9376,5.818,0.0,3,True
2025-06-07 04:00:00+02:00,5.9373,5.7029,5.9373,5.7029,0.0,2,True
2025-06-07 05:00:00+02:00,5.7029,5.7302,5.7302,5.4066,0.0,2,True
2025-06-07 06:00:00+02:00,5.7302,5.8018,5.8018,5.4768,0.0,3,True
2025-06-07 07:00:00+02:00,5.8018,5.5423,5.8018,5.4069,0.0,4,True
2025-06-07 08:00:00+02:00,5.5423,5.1048,5.5423,5.1048,0.0,1,True
2025-06-07 09:00:00+02:00,5.1048,5.9636,5.9636,5.1048,0.0,3,True
2025-06-07 10:00:00+02:00,5.9636,6.1662,6.1662,5.9636,0.0,2,True
2025-06-07 11:00:00+02:00,6.1662,6.2455,6.2455,6.0444,0.0,2,True
2025-06-07 12:00:00+02:00,6.2455,5.7905,7.5552,5.7905,0.0001,11,True
2025-06-07 13:00:00+02:00,5.7905,5.8536,5.943,5.7905,0.0,2,True
2025-06-07 14:00:00+02:00,5.8536,6.2671,6.2671,5.8536,0.0,2,True
2025-06-07 15:00:00+02:00,6.2671,6.1662,6.2671,5.8701,0.0,2,True
2025-06-07 16:00:00+02:00,6.1662,6.4384,6.5736,6.1662,0.0,2,True
2025-06-07 17:00:00+02:00,6.4384,5.8788,6.4384,5.8788,0.0,2,True
2025-06-07 18:00:00+02:00,5.8788,5.8575,5.8788,5.7199,0.0,2,True
2025-06-07 19:00:00+02:00,5.8575,5.986,5.986,5.8312,0.0,2,True
2025-06-07 20:00:00+02:00,5.986,6.1276,6.2697,5.9703,0.0,4,True
2025-06-07 21:00:00+02:00,6.1276,5.8502,6.1276,5.7143,0.0,2,True
2025-06-07 22:00:00+02:00,5.8502,5.6357,5.8502,5.5214,0.0,2,True
2025-06-07 23:00:00+02:00,5.6357,5.793,5.793,5.6357,0.0,2,True
2025-06-08 00:00:00+02:00,5.793,6.5223,6.5223,5.793,0.0,3,True
2025-06-08 01:00:00+02:00,6.5223,5.7023,6.5223,5.2835,0.0001,8,True
2025-06-08 02:00:00+02:00,5.7023,5.5064,5.7023,5.5064,0.0,2,True
2025-06-08 03:00:00+02:00,5.5064,6.0148,6.0822,5.5064,0.0,3,True
2025-06-08 04:00:00+02:00,6.0148,5.5945,6.0148,5.5945,0.0,2,True
2025-06-08 05:00:00+02:00,5.5945,5.8407,5.8407,5.5945,0.0,3,True
2025-06-08 06:00:00+02:00,5.8407,5.783,6.1744,5.783,0.0,3,True
2025-06-08 07:00:00+02:00,5.783,5.9339,5.9339,5.7595,0.0,2,True
2025-06-08 08:00:00+02:00,5.9339,6.0517,6.0517,5.9339,0.0,2,True
2025-06-08 09:00:00+02:00,6.0517,5.9858,6.0517,5.6399,0.0,3,True
2025-06-08 10:00:00+02:00,5.9858,6.4877,6.4877,5.9858,0.0,2,True
2025-06-08 11:00:00+02:00,6.4877,6.3974,6.4877,6.3115,0.0,3,True
2025-06-08 12:00:00+02:00,6.3974,6.2666,6.3974,6.2666,0.0,1,True
2025-06-08 13:00:00+02:00,6.2666,6.0125,6.2666,6.0125,0.0,1,True
2025-06-08 14:00:00+02:00,6.0125,6.3197,6.3197,6.0125,0.0,2,True
2025-06-08 15:00:00+02:00,6.3197,6.5713,6.5713,6.3197,0.0,3,True
2025-06-08 16:00:00+02:00,6.5713,5.9247,6.5713,5.9247,0.0,10,True
2025-06-08 17:00:00+02:00,5.9247,5.6713,5.9247,5.6391,0.0,4,True
2025-06-08 18:00:00+02:00,5.6713,5.6994,5.6994,5.4637,0.0,6,True
2025-06-08 19:00:00+02:00,5.6994,5.7871,5.7871,5.637,0.0,3,True
2025-06-08 20:00:00+02:00,5.7871,6.0791,6.0791,5.6043,0.0,5,True
2025-06-08 21:00:00+02:00,6.0791,5.9864,6.0791,5.9823,0.0,3,True
2025-06-08 22:00:00+02:00,5.9864,5.7919,5.9864,5.683,0.0,3,True
2025-06-08 23:00:00+02:00,5.7919,6.0741,6.0741,5.7746,0.0,3,True
2025-06-09 00:00:00+02:00,6.0741,5.9403,6.0741,5.9235,0.0,4,True
2025-06-09 01:00:00+02:00,5.9403,5.9541,5.9541,5.9403,0.0,2,True
2025-06-09 02:00:00+02:00,5.9541,5.7839,5.9541,5.6922,0.0,3,True
2025-06-09 03:00:00+02:00,5.7839,5.9371,5.9479,5.7839,0.0,7,True
2025-06-09 04:00:00+02:00,5.9371,5.8037,6.0018,5.8037,0.0,4,True
2025-06-09 05:00:00+02:00,5.8037,6.0024,6.0024,5.7244,0.0,4,True
2025-06-09 06:00:00+02:00,6.0024,5.8577,6.0204,5.8577,0.0,3,True
2025-06-09 07:00:00+02:00,5.8577,5.7312,5.9672,5.7312,0.0,5,True
2025-06-09 08:00:00+02:00,5.7312,6.1663,6.2129,5.7239,0.0,6,True
2025-06-09 09:00:00+02:00,6.1663,5.9974,6.1663,5.9974,0.0,4,True
2025-06-09 10:00:00+02:00,5.9974,5.6313,6.1274,5.5233,0.0,6,True
2025-06-09 11:00:00+02:00,5.6313,5.9565,5.9565,5.6313,0.0,3,True
2025-06-09 12:00:00+02:00,5.9565,5.8415,6.1659,5.7932,0.0,6,True
2025-06-09 13:00:00+02:00,5.8415,6.0825,6.0825,5.8415,0.0,4,True
2025-06-09 14:00:00+02:00,6.0825,5.5371,6.0825,5.516,0.0,5,True
2025-06-09 15:00:00+02:00,5.5371,5.9411,5.9733,5.5371,0.0,3,True
2025-06-09 16:00:00+02:00,5.9411,5.6738,5.9411,5.5625,0.0,3,True
2025-06-09 17:00:00+02:00,5.6738,5.3423,5.6738,5.3423,0.0,4,True
2025-06-09 18:00:00+02:00,5.3423,5.827,5.827,5.3423,0.0,4,True
2025-06-09 19:00:00+02:00,5.827,5.5803,5.827,5.4582,0.0,5,True
2025-06-09 20:00:00+02:00,5.5803,5.1961,5.5803,5.1961,0.0,2,True
2025-06-09 21:00:00+02:00,5.1961,5.9683,5.9683,5.1961,0.0,5,True
2025-06-09 22:00:00+02:00,5.9683,5.7923,6.0311,5.7923,0.0,4,True
2025-06-09 23:00:00+02:00,5.7923,5.3472,5.7923,5.323,0.0,3,True
2025-06-10 00:00:00+02:00,5.3472,5.6614,5.6614,5.3472,0.0,4,True
2025-06-10 01:00:00+02:00,5.6614,5.8878,5.8878,5.56,0.0,4,True
2025-06-10 02:00:00+02:00,5.8878,6.3464,6.3464,5.8878,0.0,4,True
2025-06-10 03:00:00+02:00,6.3464,6.1271,6.3464,6.1271,0.0,4,True
2025-06-10 04:00:00+02:00,6.1271,5.783,6.3508,5.783,0.0,5,True
2025-06-10 05:00:00+02:00,5.783,5.507,5.817,5.507,0.0,2,True
2025-06-10 06:00:00+02:00,5.507,5.7198,5.7583,5.507,0.0,5,True
2025-06-10 07:00:00+02:00,5.7198,6.0984,6.1743,5.7198,0.0,2,True
2025-06-10 08:00:00+02:00,6.0984,5.8679,6.0984,5.8331,0.0,4,True
2025-06-10 09:00:00+02:00,5.8679,6.053,6.053,5.7541,0.0,6,True
2025-06-10 10:00:00+02:00,6.053,5.9732,6.4006,5.9693,0.0,6,True
2025-06-10 11:00:00+02:00,5.9732,5.6662,5.9732,5.5406,0.0,4,True
2025-06-10 12:00:00+02:00,5.6662,5.1629,5.6673,5.1629,0.0,3,True
2025-06-10 13:00:00+02:00,5.1629,5.6773,5.6773,5.1629,0.0,2,True
2025-06-10 14:00:00+02:00,5.6773,5.6381,5.6935,5.4001,0.0,5,True
2025-06-10 15:00:00+02:00,5.6381,5.081,5.6381,5.081,0.0,3,True
2025-06-10 16:00:00+02:00,5.081,5.2479,5.2479,5.081,0.0,3,True
2025-06-10 17:00:00+02:00,5.2479,5.4735,5.7091,5.2479,0.0,5,True
2025-06-10 18:00:00+02:00,5.4735,5.2654,5.6332,5.172,0.0,5,True
2025-06-10 19:00:00+02:00,5.2654,5.449,5.4845,5.2654,0.0,3,True
2025-06-10 20:00:00+02:00,5.449,5.9995,6.0305,5.449,0.0,5,True
2025-06-10 21:00:00+02:00,5.9995,6.5388,6.5388,5.9833,0.0,3,True
2025-06-10 22:00:00+02:00,6.5388,6.1888,6.5851,6.1888,0.0,4,True
2025-06-10 23:00:00+02:00,6.1888,6.2534,6.2557,6.1668,0.0,4,True
2025-06-11 00:00:00+02:00,6.2534,5.9647,6.3662,5.9647,0.0,5,True
2025-06-11 01:00:00+02:00,5.9647,5.8187,5.9647,5.7986,0.0,2,True
2025-06-11 02:00:00+02:00,5.8187,5.6385,5.8198,5.6091,0.0,3,True
2025-06-11 03:00:00+02:00,5.6385,5.8245,5.8245,5.6385,0.0,3,True
2025-06-11 04:00:00+02:00,5.8245,5.9659,5.9822,5.5632,0.0,4,True
2025-06-11 05:00:00+02:00,5.9659,6.2661,6.2661,5.9659,0.0,2,True
2025-06-11 06:00:00+02:00,6.2661,5.986,6.2661,5.9393,0.0,4,True
2025-06-11 07:00:00+02:00,5.986,6.2062,6.3005,5.986,0.0,5,True
2025-06-11 08:00:00+02:00,6.2062,6.352,6.3749,6.2062,0.0,3,True
2025-06-11 09:00:00+02:00,6.352,6.361,6.361,6.2175,0.0,4,True
2025-06-11 10:00:00+02:00,6.361,6.051,6.361,6.051,0.0,3,True
2025-06-11 11:00:00+02:00,6.051,6.3055,6.3131,5.8758,0.0,4,True
2025-06-11 12:00:00+02:00,6.3055,5.8219,6.3055,5.8219,0.0,5,True
2025-06-11 13:00:00+02:00,5.8219,6.1124,6.1124,5.8219,0.0,3,True
2025-06-11 14:00:00+02:00,6.1124,6.229,6.2516,5.9509,0.0,4,True
2025-06-11 15:00:00+02:00,6.229,5.8051,6.229,5.8051,0.0,4,True
2025-06-11 16:00:00+02:00,5.8051,6.0032,6.0032,5.7737,0.0,5,True
2025-06-11 17:00:00+02:00,6.0032,6.3894,6.3894,6.0032,0.0,5,True
2025-06-11 18:00:00+02:00,6.3894,6.1664,6.3894,6.1664,0.0,4,True
2025-06-11 19:00:00+02:00,6.1664,5.6138,6.1664,5.6138,0.0,4,True
2025-06-11 20:00:00+02:00,5.6138,5.6524,5.6524,5.579,0.0,2,True
2025-06-11 21:00:00+02:00,5.6524,5.9228,5.9228,5.6524,0.0,3,True
2025-06-11 22:00:00+02:00,5.9228,5.6325,5.9228,5.5783,0.0,5,True
2025-06-11 23:00:00+02:00,5.6325,6.4543,6.4543,5.6325,0.0,6,True
2025-06-12 00:00:00+02:00,6.4543,6.5806,6.6004,6.4543,0.0,3,True
2025-06-12 01:00:00+02:00,6.5806,6.1493,6.5806,6.1493,0.0,4,True
2025-06-12 02:00:00+02:00,6.1493,6.5338,6.5755,6.1493,0.0,3,True
2025-06-12 03:00:00+02:00,6.5338,5.8189,6.5338,5.8189,0.0,5,True
2025-06-12 04:00:00+02:00,5.8189,5.7545,5.8354,5.7545,0.0,2,True
2025-06-12 05:00:00+02:00,5.7545,6.0349,6.0349,5.5845,0.0,5,True
2025-06-12 06:00:00+02:00,6.0349,6.2571,6.2571,5.9453,0.0,5,True
2025-06-12 07:00:00+02:00,6.2571,5.6618,6.2571,5.6618,0.0,2,True
2025-06-12 08:00:00+02:00,5.6618,5.62,5.7704,5.4864,0.0,4,True
2025-06-12 09:00:00+02:00,5.62,5.9478,5.9648,5.62,0.0,3,True
2025-06-12 10:00:00+02:00,5.9478,5.8613,6.0318,5.8613,0.0,4,True
2025-06-12 11:00:00+02:00,5.8613,5.9906,6.1809,5.8613,0.0,3,True
2025-06-12 12:00:00+02:00,5.9906,6.2116,6.3455,5.9906,0.0,3,True
2025-06-12 13:00:00+02:00,6.2116,5.985,6.2255,5.985,0.0,4,True
2025-06-12 14:00:00+02:00,5.985,5.8253,6.2497,5.8253,0.0,5,True
2025-06-12 15:00:00+02:00,5.8253,5.9386,6.1147,5.7274,0.0,3,True
2025-06-12 16:00:00+02:00,5.9386,5.7061,5.9716,5.7061,0.0,4,True
2025-06-12 17:00:00+02:00,5.7061,6.0202,6.0202,5.7061,0.0,3,True
2025-06-12 18:00:00+02:00,6.0202,6.0601,6.0797,6.0202,0.0,2,True
2025-06-12 19:00:00+02:00,6.0601,6.0949,6.3385,6.0601,0.0,5,True
2025-06-12 20:00:00+02:00,6.0949,5.9164,6.0949,5.7045,0.0,4,True
2025-06-12 21:00:00+02:00,5.9164,6.4487,6.4487,5.9164,0.0,4,True
2025-06-12 22:00:00+02:00,6.4487,6.1085,6.4487,6.1085,0.0,4,True
2025-06-12 23:00:00+02:00,6.1085,6.3768,6.3768,6.082,0.0,3,True
2025-06-13 00:00:00+02:00,6.3768,6.197,6.3768,6.197,0.0,4,True
2025-06-13 01:00:00+02:00,6.197,6.3201,6.5297,6.197,0.0,7,True
2025-06-13 02:00:00+02:00,6.3201,6.3201,6.3201,6.3201,0.0,0,True
2025-06-13 03:00:00+02:00,6.3201,6.3201,6.3201,6.3201,0.0,0,True
2025-06-13 04:00:00+02:00,6.3201,6.1864,6.3201,6.1864,0.0,2,True
2025-06-13 05:00:00+02:00,6.1864,5.8857,6.1864,5.8857,0.0,2,True
2025-06-13 06:00:00+02:00,5.8857,5.5939,5.8857,5.3686,0.0,3,True
2025-06-13 07:00:00+02:00,5.5939,5.094,5.5939,5.094,0.0,2,True
2025-06-13 08:00:00+02:00,5.094,4.8137,5.2119,4.8137,0.0,2,True
2025-06-13 09:00:00+02:00,4.8137,4.2994,5.0271,4.2994,0.0,2,True
2025-06-13 10:00:00+02:00,4.2994,4.8729,4.8729,4.2994,0.0,3,True
2025-06-13 11:00:00+02:00,4.8729,4.6652,4.9581,4.6652,0.0,3,True
2025-06-13 12:00:00+02:00,4.6652,4.7736,5.0006,4.6652,0.0,2,True
2025-06-13 13:00:00+02:00,4.7736,4.5431,4.7736,4.3362,0.0,3,True
2025-06-13 14:00:00+02:00,4.5431,4.1504,4.601,4.1504,0.0,3,True
2025-06-13 15:00:00+02:00,4.1504,4.5175,4.6771,4.1504,0.0,3,True
2025-06-13 16:00:00+02:00,4.5175,5.0952,5.1731,4.5175,0.0,2,True
2025-06-13 17:00:00+02:00,5.0952,5.3289,5.5036,5.0952,0.0,3,True
2025-06-13 18:00:00+02:00,5.3289,5.0537,5.3728,4.9242,0.0,3,True
2025-06-13 19:00:00+02:00,5.0537,4.7992,5.1972,4.6515,0.0,5,True
2025-06-13 20:00:00+02:00,4.7992,4.4844,5.1202,4.4844,0.0,3,True
2025-06-13 21:00:00+02:00,4.4844,4.8216,4.8216,4.4844,0.0,2,True
2025-06-13 22:00:00+02:00,4.8216,5.2787,5.5056,4.8216,0.0,3,True
2025-06-13 23:00:00+02:00,5.2787,5.4313,5.4313,5.2787,0.0,2,True
2025-06-14 00:00:00+02:00,5.4313,4.5841,5.4313,4.5841,0.0,4,True
2025-06-14 01:00:00+02:00,4.5841,4.8034,5.0367,4.5841,0.0,3,True
2025-06-14 02:00:00+02:00,4.8034,5.2562,5.2562,4.8034,0.0,3,True
2025-06-14 03:00:00+02:00,5.2562,5.5809,5.5809,5.1379,0.0,3,True
2025-06-14 04:00:00+02:00,5.5809,5.5211,5.775,5.5211,0.0,3,True
2025-06-14 05:00:00+02:00,5.5211,5.346,5.5919,5.346,0.0,2,True
2025-06-14 06:00:00+02:00,5.346,5.742,5.742,5.346,0.0,4,True
2025-06-14 07:00:00+02:00,5.742,5.1648,5.742,5.1648,0.0,2,True
2025-06-14 08:00:00+02:00,5.1648,5.4687,5.6367,5.1648,0.0,3,True
2025-06-14 09:00:00+02:00,5.4687,5.4711,5.5199,5.4687,0.0,2,True
2025-06-14 10:00:00+02:00,5.4711,5.1884,5.4711,5.1884,0.0,2,True
2025-06-14 11:00:00+02:00,5.1884,5.5531,5.6033,5.1884,0.0,3,True
2025-06-14 12:00:00+02:00,5.5531,5.853,5.853,5.4251,0.0,2,True
2025-06-14 13:00:00+02:00,5.853,5.7709,5.853,5.7709,0.0,2,True
2025-06-14 14:00:00+02:00,5.7709,5.6453,5.7709,5.6453,0.0,2,True
2025-06-14 15:00:00+02:00,5.6453,5.9002,6.142,5.6453,0.0,4,True
2025-06-14 16:00:00+02:00,5.9002,6.1328,6.1328,5.8047,0.0,2,True
2025-06-14 17:00:00+02:00,6.1328,5.7988,6.1832,5.7988,0.0,2,True
2025-06-14 18:00:00+02:00,5.7988,5.9306,6.2584,5.7988,0.0,3,True
2025-06-14 19:00:00+02:00,5.9306,6.0092,6.0092,5.9306,0.0,1,True
2025-06-14 20:00:00+02:00,6.0092,6.1796,6.3517,6.0092,0.0,3,True
2025-06-14 21:00:00+02:00,6.1796,6.1237,6.2641,6.1237,0.0,3,True
2025-06-14 22:00:00+02:00,6.1237,5.9769,6.3089,5.9769,0.0,3,True
2025-06-14 23:00:00+02:00,5.9769,6.1976,6.1976,5.9769,0.0,2,True
2025-06-15 00:00:00+02:00,6.1976,5.9852,6.2504,5.9852,0.0,2,True
2025-06-15 01:00:00+02:00,5.9852,6.0426,6.0426,5.9324,0.0,2,True
2025-06-15 02:00:00+02:00,6.0426,5.9589,6.0426,5.9589,0.0,1,True
2025-06-15 03:00:00+02:00,5.9589,5.6766,5.9589,5.5402,0.0,3,True
2025-06-15 04:00:00+02:00,5.6766,6.1406,6.1406,5.6766,0.0,3,True
2025-06-15 05:00:00+02:00,6.1406,6.1092,6.1762,6.1092,0.0,2,True
2025-06-15 06:00:00+02:00,6.1092,5.9792,6.1092,5.9792,0.0,2,True
2025-06-15 07:00:00+02:00,5.9792,6.3044,6.3044,5.9432,0.0,2,True
2025-06-15 08:00:00+02:00,6.3044,6.4721,6.7239,6.3044,0.0,4,True
2025-06-15 09:00:00+02:00,6.4721,5.9215,6.4721,5.9215,0.0,2,True
2025-06-15 10:00:00+02:00,5.9215,5.6447,5.9215,5.6447,0.0,2,True
2025-06-15 11:00:00+02:00,5.6447,5.6704,5.6704,5.5337,0.0,3,True
2025-06-15 12:00:00+02:00,5.6704,5.7794,5.7794,5.6704,0.0,2,True
2025-06-15 13:00:00+02:00,5.7794,6.0423,6.0423,5.7794,0.0,2,True
2025-06-15 14:00:00+02:00,6.0423,6.1808,6.5002,6.0423,0.0,4,True
2025-06-15 15:00:00+02:00,6.1808,6.3361,6.4649,5.8994,0.0,4,True
2025-06-15 16:00:00+02:00,6.3361,6.1978,6.3361,6.1831,0.0,3,True
2025-06-15 17:00:00+02:00,6.1978,5.9527,6.1978,5.8893,0.0,2,True
2025-06-15 18:00:00+02:00,5.9527,6.0052,6.0843,5.9527,0.0,2,True
2025-06-15 19:00:00+02:00,6.0052,6.4994,6.4994,6.0052,0.0,2,True
2025-06-15 20:00:00+02:00,6.4994,6.1456,6.4994,6.1456,0.0,5,True
2025-06-15 21:00:00+02:00,6.1456,6.1456,6.1456,6.1456,0.0,0,True
2025-06-15 22:00:00+02:00,6.1456,6.554,6.554,6.145,0.0,2,True
2025-06-15 23:00:00+02:00,6.554,6.4654,6.554,6.4654,0.0,1,True
2025-06-16 00:00:00+02:00,6.4654,6.6348,6.6348,6.4654,0.0,3,True
2025-06-16 01:00:00+02:00,6.6348,6.9408,6.9408,6.6348,0.0,1,True
2025-06-16 02:00:00+02:00,6.9408,6.7456,6.9408,6.6511,0.0,5,True
2025-06-16 03:00:00+02:00,6.7456,6.5731,6.7456,6.3918,0.0,4,True
2025-06-16 04:00:00+02:00,6.5731,6.5201,6.6215,6.5201,0.0,2,True
2025-06-16 05:00:00+02:00,6.5201,6.5899,6.6272,6.5201,0.0,2,True
2025-06-16 06:00:00+02:00,6.5899,6.0249,6.7032,6.0249,0.0,4,True
2025-06-16 07:00:00+02:00,6.0249,6.1262,6.1262,5.9614,0.0,2,True
2025-06-16 08:00:00+02:00,6.1262,6.3907,6.3907,6.1262,0.0,1,True
2025-06-16 09:00:00+02:00,6.3907,6.1239,6.4729,6.1239,0.0,3,True
2025-06-16 10:00:00+02:00,6.1239,6.1761,6.1761,6.1239,0.0,1,True
2025-06-16 11:00:00+02:00,6.1761,6.1765,6.3103,6.1761,0.0,4,True
2025-06-16 12:00:00+02:00,6.1765,6.3929,6.3936,6.1765,0.0,2,True
2025-06-16 13:00:00+02:00,6.3929,6.6998,6.6998,6.3929,0.0,2,True
2025-06-16 14:00:00+02:00,6.6998,6.6602,6.7843,6.6602,0.0,2,True
2025-06-16 15:00:00+02:00,6.6602,6.576,6.6602,6.4398,0.0,2,True
2025-06-16 16:00:00+02:00,6.576,6.3547,6.576,6.3547,0.0,3,True
2025-06-16 17:00:00+02:00,6.3547,6.7014,6.843,6.3547,0.0,3,True
2025-06-16 18:00:00+02:00,6.7014,6.6756,6.7014,6.5551,0.0,2,True
2025-06-16 19:00:00+02:00,6.6756,6.6586,6.7281,6.5695,0.0,4,True
2025-06-16 20:00:00+02:00,6.6586,6.6244,6.6586,6.6244,0.0,1,True
2025-06-16 21:00:00+02:00,6.6244,6.4026,6.6244,6.4026,0.0,2,True
2025-06-16 22:00:00+02:00,6.4026,6.5903,6.5903,6.4026,0.0,2,True
2025-06-16 23:00:00+02:00,6.5903,6.6657,6.8084,6.5903,0.0,4,True
2025-06-17 00:00:00+02:00,6.6657,6.7659,6.8916,6.6657,0.0,2,True
2025-06-17 01:00:00+02:00,6.7659,6.943,7.0592,6.7233,0.0,3,True
2025-06-17 02:00:00+02:00,6.943,6.8603,6.943,6.8603,0.0,2,True
2025-06-17 03:00:00+02:00,6.8603,6.6579,6.8603,6.4874,0.0,3,True
2025-06-17 04:00:00+02:00,6.6579,6.8002,6.9481,6.6579,0.0,3,True
2025-06-17 05:00:00+02:00,6.8002,6.7883,6.8002,6.6549,0.0,2,True
2025-06-17 06:00:00+02:00,6.7883,6.5924,6.7883,6.4144,0.0,2,True
2025-06-17 07:00:00+02:00,6.5924,6.8074,6.9279,6.537,0.0,3,True
2025-06-17 08:00:00+02:00,6.8074,6.5725,6.8694,6.4732,0.0,4,True
2025-06-17 09:00:00+02:00,6.5725,6.5745,6.7317,6.5326,0.0,4,True
2025-06-17 10:00:00+02:00,6.5745,6.5613,6.8263,6.5613,0.0,3,True
2025-06-17 11:00:00+02:00,6.5613,6.2726,6.5613,6.227,0.0,2,True
2025-06-17 12:00:00+02:00,6.2726,6.2299,6.2726,5.9747,0.0,2,True
2025-06-17 13:00:00+02:00,6.2299,6.3623,6.7009,6.1694,0.0,4,True
2025-06-17 14:00:00+02:00,6.3623,6.061,6.3623,5.9077,0.0,3,True
2025-06-17 15:00:00+02:00,6.061,6.0878,6.0878,6.061,0.0,2,True
2025-06-17 16:00:00+02:00,6.0878,5.9969,6.2743,5.9969,0.0,3,True
2025-06-17 17:00:00+02:00,5.9969,5.9863,6.2072,5.9863,0.0,3,True
2025-06-17 18:00:00+02:00,5.9863,5.9405,5.9863,5.8695,0.0,2,True
2025-06-17 19:00:00+02:00,5.9405,5.0818,5.9405,5.0726,0.0,3,True
2025-06-17 20:00:00+02:00,5.0818,5.4798,5.4798,5.0818,0.0,3,True
2025-06-17 21:00:00+02:00,5.4798,5.1382,5.4798,5.1382,0.0,2,True
2025-06-17 22:00:00+02:00,5.1382,5.1796,5.2081,5.1382,0.0,2,True
2025-06-17 23:00:00+02:00,5.1796,5.2759,5.2759,5.1796,0.0,2,True
2025-06-18 00:00:00+02:00,5.2759,5.3458,5.3458,5.2759,0.0,2,True
2025-06-18 01:00:00+02:00,5.3458,5.3896,5.3911,5.3229,0.0,3,True
2025-06-18 02:00:00+02:00,5.3896,4.8628,5.3896,4.8628,0.0,2,True
2025-06-18 03:00:00+02:00,4.8628,5.3686,5.3686,4.8628,0.0,2,True
2025-06-18 04:00:00+02:00,5.3686,4.9295,5.3844,4.9295,0.0,2,True
2025-06-18 05:00:00+02:00,4.9295,4.8278,4.9295,4.8278,0.0,1,True
2025-06-18 06:00:00+02:00,4.8278,5.3001,5.3001,4.8278,0.0,1,True
2025-06-18 07:00:00+02:00,5.3001,5.3788,5.3793,5.3001,0.0,2,True
2025-06-18 08:00:00+02:00,5.3788,5.291,5.5169,5.291,0.0,3,True
2025-06-18 09:00:00+02:00,5.291,5.8704,5.8704,5.2905,0.0,3,True
2025-06-18 10:00:00+02:00,5.8704,6.1023,6.1023,5.8704,0.0,2,True
2025-06-18 11:00:00+02:00,6.1023,6.2019,6.3812,6.0874,0.0,4,True
2025-06-18 12:00:00+02:00,6.2019,5.7367,6.2019,5.7367,0.0,3,True
2025-06-18 13:00:00+02:00,5.7367,5.9242,5.9242,5.6323,0.0,3,True
2025-06-18 14:00:00+02:00,5.9242,5.9374,5.9374,5.8441,0.0,2,True
2025-06-18 15:00:00+02:00,5.9374,6.0738,6.0738,5.9374,0.0,1,True
2025-06-18 16:00:00+02:00,6.0738,6.5928,6.5928,6.0738,0.0,3,True
2025-06-18 17:00:00+02:00,6.5928,6.4056,6.5928,6.3155,0.0,3,True
2025-06-18 18:00:00+02:00,6.4056,6.2374,6.4056,6.2374,0.0,2,True
2025-06-18 19:00:00+02:00,6.2374,6.3743,6.3743,6.2374,0.0,2,True
2025-06-18 20:00:00+02:00,6.3743,6.6253,6.7164,6.3743,0.0,2,True
2025-06-18 21:00:00+02:00,6.6253,6.0344,6.6253,5.9325,0.0,3,True
2025-06-18 22:00:00+02:00,6.0344,6.1228,6.2511,6.0344,0.0,2,True
2025-06-18 23:00:00+02:00,6.1228,6.1067,6.1228,5.7704,0.0,3,True
2025-06-19 00:00:00+02:00,6.1067,6.413,6.413,6.1067,0.0,2,True
2025-06-19 01:00:00+02:00,6.413,6.2325,6.413,6.2325,0.0,2,True
2025-06-19 02:00:00+02:00,6.2325,5.837,6.2325,5.837,0.0,2,True
2025-06-19 03:00:00+02:00,5.837,6.0254,6.1037,5.837,0.0,2,True
2025-06-19 04:00:00+02:00,6.0254,6.0697,6.3332,6.0254,0.0,3,True
2025-06-19 05:00:00+02:00,6.0697,5.8524,6.1798,5.8524,0.0,2,True
2025-06-19 06:00:00+02:00,5.8524,5.5365,5.9217,5.5365,0.0,2,True
2025-06-19 07:00:00+02:00,5.5365,5.9546,5.9546,5.5365,0.0,2,True
2025-06-19 08:00:00+02:00,5.9546,5.7927,5.9769,5.7927,0.0,2,True
2025-06-19 09:00:00+02:00,5.7927,5.9869,6.0188,5.7927,0.0,2,True
2025-06-19 10:00:00+02:00,5.9869,5.8943,5.9869,5.8943,0.0,1,True
2025-06-19 11:00:00+02:00,5.8943,5.8554,5.9229,5.8379,0.0,3,True
2025-06-19 12:00:00+02:00,5.8554,5.8095,5.8554,5.8086,0.0,2,True
2025-06-19 13:00:00+02:00,5.8095,5.9148,5.9148,5.8095,0.0,2,True
2025-06-19 14:00:00+02:00,5.9148,6.0574,6.1219,5.9148,0.0,3,True
2025-06-19 15:00:00+02:00,6.0574,5.7698,6.0574,5.7698,0.0,2,True
2025-06-19 16:00:00+02:00,5.7698,5.8386,5.8409,5.7698,0.0,3,True
2025-06-19 17:00:00+02:00,5.8386,5.4519,5.8386,5.4519,0.0,2,True
2025-06-19 18:00:00+02:00,5.4519,5.7534,5.783,5.4519,0.0,4,True
2025-06-19 19:00:00+02:00,5.7534,5.6711,5.7534,5.6711,0.0,2,True
2025-06-19 20:00:00+02:00,5.6711,5.4044,5.8467,5.4038,0.0,4,True
2025-06-19 21:00:00+02:00,5.4044,5.9042,5.9042,5.4044,0.0,2,True
2025-06-19 22:00:00+02:00,5.9042,5.8386,5.9103,5.8386,0.0,2,True
2025-06-19 23:00:00+02:00,5.8386,6.1094,6.2637,5.8386,0.0,3,True
2025-06-20 00:00:00+02:00,6.1094,5.5178,6.1094,5.5178,0.0,2,True
2025-06-20 01:00:00+02:00,5.5178,5.8045,5.8045,5.4723,0.0,3,True
2025-06-20 02:00:00+02:00,5.8045,6.0076,6.0076,5.8045,0.0,1,True
2025-06-20 03:00:00+02:00,6.0076,6.2033,6.2033,5.9753,0.0,3,True
2025-06-20 04:00:00+02:00,6.2033,6.016,6.2033,6.016,0.0,3,True
2025-06-20 05:00:00+02:00,6.016,5.7583,6.016,5.6785,0.0,2,True
2025-06-20 06:00:00+02:00,5.7583,5.9911,6.0887,5.7583,0.0,3,True
2025-06-20 07:00:00+02:00,5.9911,5.892,6.18,5.892,0.0,3,True
2025-06-20 08:00:00+02:00,5.892,5.846,5.892,5.846,0.0,1,True
2025-06-20 09:00:00+02:00,5.846,5.6254,5.846,5.6107,0.0,2,True
2025-06-20 10:00:00+02:00,5.6254,5.8967,5.8967,5.596,0.0,4,True
2025-06-20 11:00:00+02:00,5.8967,5.8787,5.8967,5.8787,0.0,1,True
2025-06-20 12:00:00+02:00,5.8787,5.9325,5.9461,5.8787,0.0,2,True
2025-06-20 13:00:00+02:00,5.9325,5.4701,5.9325,5.4701,0.0,5,True
2025-06-20 14:00:00+02:00,5.4701,5.2424,5.6349,5.2385,0.0,4,True
2025-06-20 15:00:00+02:00,5.2424,5.662,5.662,5.2424,0.0,2,True
2025-06-20 16:00:00+02:00,5.662,5.4376,5.7156,5.4376,0.0,4,True
2025-06-20 17:00:00+02:00,5.4376,5.5517,5.5517,5.4376,0.0,2,True
2025-06-20 18:00:00+02:00,5.5517,6.0213,6.0213,5.5517,0.0,3,True
2025-06-20 19:00:00+02:00,6.0213,5.8148,6.0213,5.7991,0.0,4,True
2025-06-20 20:00:00+02:00,5.8148,6.0284,6.0284,5.8148,0.0,1,True
2025-06-20 21:00:00+02:00,6.0284,6.1498,6.2463,5.9819,0.0,3,True
2025-06-20 22:00:00+02:00,6.1498,5.8878,6.1498,5.8878,0.0,1,True
2025-06-20 23:00:00+02:00,5.8878,6.3612,6.3612,5.8878,0.0,2,True
2025-06-21 00:00:00+02:00,6.3612,6.2233,6.3612,6.0568,0.0,3,True
2025-06-21 01:00:00+02:00,6.2233,6.2233,6.2233,6.2233,0.0,0,True
2025-06-21 02:00:00+02:00,6.2233,6.2532,6.3622,6.2233,0.0,2,True
2025-06-21 03:00:00+02:00,6.2532,6.5841,6.5926,6.2532,0.0,2,True
2025-06-21 04:00:00+02:00,6.5841,6.9202,7.0112,6.5841,0.0,4,True
2025-06-21 05:00:00+02:00,6.9202,7.0135,7.0642,6.9202,0.0,2,True
2025-06-21 06:00:00+02:00,7.0135,7.4457,7.4457,7.0135,0.0,2,True
2025-06-21 07:00:00+02:00,7.4457,6.7135,7.4457,6.7135,0.0,3,True
2025-06-21 08:00:00+02:00,6.7135,6.8778,6.8778,6.7135,0.0,2,True
2025-06-21 09:00:00+02:00,6.8778,7.132,7.1658,6.8778,0.0,2,True
2025-06-21 10:00:00+02:00,7.132,7.1773,7.2997,7.0096,0.0,4,True
2025-06-21 11:00:00+02:00,7.1773,6.9689,7.1773,6.8594,0.0,2,True
2025-06-21 12:00:00+02:00,6.9689,7.1753,7.1753,6.9689,0.0,2,True
2025-06-21 13:00:00+02:00,7.1753,7.1182,7.1753,6.9769,0.0,5,True
2025-06-21 14:00:00+02:00,7.1182,6.9529,7.1182,6.9529,0.0,1,True
2025-06-21 15:00:00+02:00,6.9529,6.5929,6.9529,6.5503,0.0,4,True
2025-06-21 16:00:00+02:00,6.5929,6.5533,6.5929,6.4832,0.0,2,True
2025-06-21 17:00:00+02:00,6.5533,6.1376,6.5533,6.1376,0.0,2,True
2025-06-21 18:00:00+02:00,6.1376,6.4355,6.4355,6.1376,0.0,2,True
2025-06-21 19:00:00+02:00,6.4355,6.575,6.575,6.339,0.0,2,True
2025-06-21 20:00:00+02:00,6.575,6.0098,6.575,6.0098,0.0,2,True
2025-06-21 21:00:00+02:00,6.0098,6.0958,6.0958,5.7923,0.0,3,True
2025-06-21 22:00:00+02:00,6.0958,5.8127,6.0958,5.7752,0.0,2,True
2025-06-21 23:00:00+02:00,5.8127,6.0576,6.0576,5.8127,0.0,3,True
2025-06-22 00:00:00+02:00,6.0576,5.9391,6.0576,5.9391,0.0,1,True
2025-06-22 01:00:00+02:00,5.9391,6.1776,6.1776,5.9391,0.0,2,True
2025-06-22 02:00:00+02:00,6.1776,6.0177,6.1776,5.9795,0.0,2,True
2025-06-22 03:00:00+02:00,6.0177,5.6618,6.0177,5.6175,0.0,2,True
2025-06-22 04:00:00+02:00,5.6618,6.1016,6.1016,5.6618,0.0,4,True
2025-06-22 05:00:00+02:00,6.1016,6.3416,6.434,6.1016,0.0,2,True
2025-06-22 06:00:00+02:00,6.3416,6.0977,6.3416,6.0977,0.0,3,True
2025-06-22 07:00:00+02:00,6.0977,6.3577,6.3577,6.0489,0.0,3,True
2025-06-22 08:00:00+02:00,6.3577,5.6436,6.3577,5.6436,0.0,2,True
2025-06-22 09:00:00+02:00,5.6436,5.7511,5.7511,5.6436,0.0,2,True
2025-06-22 10:00:00+02:00,5.7511,5.9262,5.9262,5.6615,0.0,3,True
2025-06-22 11:00:00+02:00,5.9262,6.3553,6.3553,5.9262,0.0,2,True
2025-06-22 12:00:00+02:00,6.3553,6.6881,6.6881,6.2928,0.0,3,True
2025-06-22 13:00:00+02:00,6.6881,6.2343,6.6881,6.2343,0.0,2,True
2025-06-22 14:00:00+02:00,6.2343,6.238,6.4873,6.2343,0.0,3,True
2025-06-22 15:00:00+02:00,6.238,6.4753,6.4753,6.238,0.0,2,True
2025-06-22 16:00:00+02:00,6.4753,6.3308,6.4753,6.323,0.0,3,True
2025-06-22 17:00:00+02:00,6.3308,6.3315,6.3315,5.8821,0.0,4,True
2025-06-22 18:00:00+02:00,6.3315,6.5322,6.5322,6.3157,0.0,2,True
2025-06-22 19:00:00+02:00,6.5322,6.9453,6.9453,6.4259,0.0,5,True
2025-06-22 20:00:00+02:00,6.9453,6.6926,6.9453,6.6926,0.0,3,True
2025-06-22 21:00:00+02:00,6.6926,6.6789,6.6926,6.5393,0.0,2,True
2025-06-22 22:00:00+02:00,6.6789,6.8464,6.9765,6.6789,0.0,4,True
2025-06-22 23:00:00+02:00,6.8464,6.4744,6.8464,6.4744,0.0,4,True
2025-06-23 00:00:00+02:00,6.4744,6.3167,6.4889,6.3025,0.0,3,True
2025-06-23 01:00:00+02:00,6.3167,6.4472,6.4814,6.3167,0.0,3,True
2025-06-23 02:00:00+02:00,6.4472,6.0753,6.4478,6.0753,0.0,3,True
2025-06-23 03:00:00+02:00,6.0753,6.2442,6.2949,6.0753,0.0,3,True
2025-06-23 04:00:00+02:00,6.2442,6.1507,6.2442,6.1507,0.0,1,True
2025-06-23 05:00:00+02:00,6.1507,6.7786,6.7786,6.1507,0.0,4,True
2025-06-23 06:00:00+02:00,6.7786,6.6716,6.7786,6.6716,0.0,2,True
2025-06-23 07:00:00+02:00,6.6716,6.5221,6.6716,6.5062,0.0,3,True
2025-06-23 08:00:00+02:00,6.5221,6.4408,6.8182,6.4408,0.0,3,True
2025-06-23 09:00:00+02:00,6.4408,6.1341,6.4981,6.0516,0.0,4,True
2025-06-23 10:00:00+02:00,6.1341,6.4556,6.4556,6.1341,0.0,2,True
2025-06-23 11:00:00+02:00,6.4556,6.1867,6.4735,6.1867,0.0,3,True
2025-06-23 12:00:00+02:00,6.1867,6.0364,6.3165,6.0364,0.0,4,True
2025-06-23 13:00:00+02:00,6.0364,5.8902,6.2129,5.8902,0.0,6,True
2025-06-23 14:00:00+02:00,5.8902,5.4578,5.8902,5.4578,0.0,2,True
2025-06-23 15:00:00+02:00,5.4578,5.8493,5.8493,5.3479,0.0,4,True
2025-06-23 16:00:00+02:00,5.8493,6.2357,6.2357,5.7971,0.0,4,True
2025-06-23 17:00:00+02:00,6.2357,5.8485,6.2357,5.8226,0.0,4,True
2025-06-23 18:00:00+02:00,5.8485,5.8889,5.8889,5.8133,0.0,2,True
2025-06-23 19:00:00+02:00,5.8889,6.6983,6.6983,5.8889,0.0,4,True
2025-06-23 20:00:00+02:00,6.6983,6.4247,6.6983,6.4247,0.0,2,True
2025-06-23 21:00:00+02:00,6.4247,6.0806,6.4247,6.0806,0.0,3,True
2025-06-23 22:00:00+02:00,6.0806,5.9633,6.0806,5.8764,0.0,2,True
2025-06-23 23:00:00+02:00,5.9633,5.753,5.9633,5.5764,0.0,2,True
2025-06-24 00:00:00+02:00,5.753,5.7208,5.753,5.7208,0.0,1,True
2025-06-24 01:00:00+02:00,5.7208,5.9215,5.9215,5.7138,0.0,2,True
2025-06-24 02:00:00+02:00,5.9215,6.1105,6.1105,5.8588,0.0,2,True
2025-06-24 03:00:00+02:00,6.1105,5.7089,6.1105,5.7089,0.0,3,True
2025-06-24 04:00:00+02:00,5.7089,5.4395,5.7089,5.2806,0.0,2,True
2025-06-24 05:00:00+02:00,5.4395,5.9065,5.9065,5.4395,0.0,2,True
2025-06-24 06:00:00+02:00,5.9065,6.0574,6.0574,5.9065,0.0,2,True
2025-06-24 07:00:00+02:00,6.0574,5.8887,6.0574,5.8887,0.0,1,True
2025-06-24 08:00:00+02:00,5.8887,5.6106,5.8887,5.6106,0.0,3,True
2025-06-24 09:00:00+02:00,5.6106,5.5855,5.6106,5.2441,0.0,3,True
2025-06-24 10:00:00+02:00,5.5855,5.7702,5.7702,5.4446,0.0,4,True
2025-06-24 11:00:00+02:00,5.7702,5.6357,5.7991,5.6357,0.0,4,True
2025-06-24 12:00:00+02:00,5.6357,5.6703,5.6703,5.5787,0.0,3,True
2025-06-24 13:00:00+02:00,5.6703,5.6005,5.6703,5.4381,0.0,5,True
2025-06-24 14:00:00+02:00,5.6005,5.548,5.7002,5.3853,0.0,5,True
2025-06-24 15:00:00+02:00,5.548,5.9856,5.9856,5.5272,0.0,3,True
2025-06-24 16:00:00+02:00,5.9856,5.8242,5.9856,5.8242,0.0,4,True
2025-06-24 17:00:00+02:00,5.8242,5.2464,5.8242,5.2464,0.0,2,True
2025-06-24 18:00:00+02:00,5.2464,5.6457,5.6457,5.0501,0.0,5,True
2025-06-24 19:00:00+02:00,5.6457,5.4698,5.6457,5.4698,0.0,3,True
2025-06-24 20:00:00+02:00,5.4698,5.5586,5.5855,5.2991,0.0,5,True
2025-06-24 21:00:00+02:00,5.5586,5.406,5.5968,5.406,0.0,4,True
2025-06-24 22:00:00+02:00,5.406,5.2852,5.428,5.2852,0.0,3,True
2025-06-24 23:00:00+02:00,5.2852,4.6581,5.4035,4.6581,0.0,4,True
2025-06-25 00:00:00+02:00,4.6581,4.6677,4.6677,4.5038,0.0,4,True
2025-06-25 01:00:00+02:00,4.6677,4.9838,5.0185,4.6677,0.0,4,True
2025-06-25 02:00:00+02:00,4.9838,4.6454,4.9838,4.6454,0.0,2,True
2025-06-25 03:00:00+02:00,4.6454,4.8564,4.8564,4.6454,0.0,3,True
2025-06-25 04:00:00+02:00,4.8564,4.8218,4.8564,4.8218,0.0,2,True
2025-06-25 05:00:00+02:00,4.8218,4.7936,4.8218,4.7936,0.0,2,True
2025-06-25 06:00:00+02:00,4.7936,4.6645,4.7936,4.6645,0.0,2,True
2025-06-25 07:00:00+02:00,4.6645,4.6606,4.6645,4.6606,0.0,1,True
2025-06-25 08:00:00+02:00,4.6606,4.7748,4.7748,4.6606,0.0,2,True
2025-06-25 09:00:00+02:00,4.7748,4.7151,4.7748,4.7002,0.0,3,True
2025-06-25 10:00:00+02:00,4.7151,4.6597,4.8952,4.6597,0.0,5,True
2025-06-25 11:00:00+02:00,4.6597,4.497,4.6613,4.4412,0.0,5,True
2025-06-25 12:00:00+02:00,4.497,4.6422,4.6422,4.497,0.0,8,True
2025-06-25 13:00:00+02:00,4.6422,4.5341,4.667,4.4855,0.0,4,True
2025-06-25 14:00:00+02:00,4.5341,4.4871,4.643,4.4347,0.0,3,True
2025-06-25 15:00:00+02:00,4.4871,4.6754,4.6754,4.4871,0.0,2,True
2025-06-25 16:00:00+02:00,4.6754,4.5348,4.6754,4.5348,0.0,1,True
2025-06-25 17:00:00+02:00,4.5348,4.737,4.737,4.5348,0.0,1,True
2025-06-25 18:00:00+02:00,4.737,4.9652,4.9652,4.737,0.0,1,True
2025-06-25 19:00:00+02:00,4.9652,4.7427,4.9652,4.7427,0.0,1,True
2025-06-25 20:00:00+02:00,4.7427,4.565,4.7427,4.565,0.0,1,True
2025-06-25 21:00:00+02:00,4.565,4.565,4.565,4.565,0.0,0,True
2025-06-25 22:00:00+02:00,4.565,4.6063,4.6063,4.565,0.0,1,True
2025-06-25 23:00:00+02:00,4.6063,4.5448,4.7328,4.5448,0.0,3,True
2025-06-26 00:00:00+02:00,4.5448,4.5448,4.5448,4.5448,0.0,0,True
2025-06-26 01:00:00+02:00,4.5448,4.4729,4.5448,4.4729,0.0,1,True
2025-06-26 02:00:00+02:00,4.4729,4.6027,4.6027,4.4729,0.0,1,True
2025-06-26 03:00:00+02:00,4.6027,4.6184,4.6184,4.6027,0.0,1,True
2025-06-26 04:00:00+02:00,4.6184,4.4862,4.6184,4.4862,0.0,1,True
2025-06-26 05:00:00+02:00,4.4862,4.3581,4.4862,4.3581,0.0,1,True
2025-06-26 06:00:00+02:00,4.3581,4.563,4.563,4.3581,0.0,1,True
2025-06-26 07:00:00+02:00,4.563,4.3975,4.563,4.3975,0.0,1,True
2025-06-26 08:00:00+02:00,4.3975,4.8986,4.8986,4.3975,0.0,3,True
2025-06-26 09:00:00+02:00,4.8986,4.8256,4.8986,4.8256,0.0,1,True
2025-06-26 10:00:00+02:00,4.8256,4.8639,4.8639,4.8256,0.0,1,True
2025-06-26 11:00:00+02:00,4.8639,4.8671,4.8671,4.8639,0.0,1,True
2025-06-26 12:00:00+02:00,4.8671,4.6668,4.8671,4.6668,0.0,1,True
2025-06-26 13:00:00+02:00,4.6668,4.9409,4.9409,4.6668,0.0,2,True
2025-06-26 14:00:00+02:00,4.9409,5.0446,5.0651,4.9409,0.0,2,True
2025-06-26 15:00:00+02:00,5.0446,5.0519,5.0519,4.8931,0.0,3,True
2025-06-26 16:00:00+02:00,5.0519,4.949,5.0519,4.949,0.0,2,True
2025-06-26 17:00:00+02:00,4.949,4.9347,4.949,4.9335,0.0,2,True
2025-06-26 18:00:00+02:00,4.9347,4.7925,4.9347,4.7925,0.0,2,True
2025-06-26 19:00:00+02:00,4.7925,4.8606,4.8606,4.7925,0.0,2,True
2025-06-26 20:00:00+02:00,4.8606,4.829,4.8606,4.829,0.0,1,True
2025-06-26 21:00:00+02:00,4.829,4.9708,4.9708,4.829,0.0,2,True
2025-06-26 22:00:00+02:00,4.9708,4.8036,4.9708,4.8036,0.0,1,True
2025-06-26 23:00:00+02:00,4.8036,4.8003,4.8036,4.7591,0.0,4,True
2025-06-27 00:00:00+02:00,4.8003,4.8003,4.8003,4.8003,0.0,0,True
2025-06-27 01:00:00+02:00,4.8003,4.9012,4.9012,4.8003,0.0,1,True
2025-06-27 02:00:00+02:00,4.9012,4.9592,4.9592,4.9012,0.0,1,True
2025-06-27 03:00:00+02:00,4.9592,4.909,4.9592,4.8206,0.0,2,True
2025-06-27 04:00:00+02:00,4.909,4.7765,4.909,4.7765,0.0,1,True
2025-06-27 05:00:00+02:00,4.7765,4.7867,4.8365,4.7765,0.0,9,True
2025-06-27 06:00:00+02:00,4.7867,4.8224,4.8224,4.783,0.0,7,True
2025-06-27 07:00:00+02:00,4.8224,4.8224,4.8224,4.8212,0.0,8,True
2025-06-27 08:00:00+02:00,4.8224,4.7562,4.8224,4.7555,0.0,7,True
2025-06-27 09:00:00+02:00,4.7562,4.6833,4.8762,4.6833,0.0,7,True
2025-06-27 10:00:00+02:00,4.6833,4.849,4.849,4.6833,0.0,9,True
2025-06-27 11:00:00+02:00,4.849,4.7135,4.849,4.7135,0.0,1,True
2025-06-27 12:00:00+02:00,4.7135,4.8544,5.6006,4.7135,0.0001,4,True
2025-06-27 13:00:00+02:00,4.8544,4.2973,4.8544,4.2973,0.0,4,True
2025-06-27 14:00:00+02:00,4.2973,4.3379,4.3379,4.2117,0.0,2,True
2025-06-27 15:00:00+02:00,4.3379,4.2298,5.1126,4.2298,0.0001,9,True
2025-06-27 16:00:00+02:00,4.2298,4.4397,4.4567,4.1947,0.0,3,True
2025-06-27 17:00:00+02:00,4.4397,4.4791,4.4791,4.4397,0.0,1,True
2025-06-27 18:00:00+02:00,4.4791,4.6336,4.7632,4.2687,0.0,5,True
2025-06-27 19:00:00+02:00,4.6336,4.7155,4.7155,4.4815,0.0,4,True
2025-06-27 20:00:00+02:00,4.7155,4.6292,4.7155,4.6292,0.0,2,True
2025-06-27 21:00:00+02:00,4.6292,4.4274,4.6292,4.4094,0.0,4,True
2025-06-27 22:00:00+02:00,4.4274,4.5542,4.6663,4.4274,0.0,2,True
2025-06-27 23:00:00+02:00,4.5542,4.6976,4.6976,4.5542,0.0,2,True
2025-06-28 00:00:00+02:00,4.6976,4.3783,4.6976,4.3745,0.0,3,True
2025-06-28 01:00:00+02:00,4.3783,4.5021,4.5021,4.2823,0.0,2,True
2025-06-28 02:00:00+02:00,4.5021,4.7583,4.8097,4.5021,0.0,2,True
2025-06-28 03:00:00+02:00,4.7583,4.9181,4.9181,4.7583,0.0,2,True
2025-06-28 04:00:00+02:00,4.9181,5.2267,5.2267,4.9181,0.0,2,True
2025-06-28 05:00:00+02:00,5.2267,4.9456,5.2267,4.9456,0.0,2,True
2025-06-28 06:00:00+02:00,4.9456,5.1265,5.1265,4.9456,0.0,2,True
2025-06-28 07:00:00+02:00,5.1265,5.1578,5.2597,5.1265,0.0,2,True
2025-06-28 08:00:00+02:00,5.1578,5.0146,5.1578,4.8269,0.0,3,True
2025-06-28 09:00:00+02:00,5.0146,5.0146,5.0146,5.0146,0.0,0,True
2025-06-28 10:00:00+02:00,5.0146,4.8526,5.0146,4.8526,0.0,1,True
2025-06-28 11:00:00+02:00,4.8526,4.8688,4.8688,4.8047,0.0,2,True
2025-06-28 12:00:00+02:00,4.8688,5.0279,5.0279,4.8051,0.0,2,True
2025-06-28 13:00:00+02:00,5.0279,5.0418,5.0418,4.979,0.0,2,True
2025-06-28 14:00:00+02:00,5.0418,5.0853,5.2898,5.0418,0.0,3,True
2025-06-28 15:00:00+02:00,5.0853,5.0496,5.0853,5.0496,0.0,2,True
2025-06-28 16:00:00+02:00,5.0496,5.2032,5.2032,5.0496,0.0,3,True
2025-06-28 17:00:00+02:00,5.2032,5.0837,5.2032,5.0228,0.0,4,True
2025-06-28 18:00:00+02:00,5.0837,4.9853,5.0837,4.9853,0.0,2,True
2025-06-28 19:00:00+02:00,4.9853,5.1229,5.2554,4.9853,0.0,2,True
2025-06-28 20:00:00+02:00,5.1229,5.5877,5.5877,5.1229,0.0,2,True
2025-06-28 21:00:00+02:00,5.5877,5.2846,5.5877,5.2782,0.0,2,True
2025-06-28 22:00:00+02:00,5.2846,4.9811,5.2846,4.9811,0.0,1,True
2025-06-28 23:00:00+02:00,4.9811,5.1711,5.1992,4.9811,0.0,2,True
2025-06-29 00:00:00+02:00,5.1711,4.7662,5.1711,4.765,0.0,3,True
2025-06-29 01:00:00+02:00,4.7662,4.9878,4.9878,4.7662,0.0,2,True
2025-06-29 02:00:00+02:00,4.9878,4.9662,5.0157,4.9662,0.0,2,True
2025-06-29 03:00:00+02:00,4.9662,4.9271,4.9662,4.842,0.0,2,True
2025-06-29 04:00:00+02:00,4.9271,4.882,4.9271,4.8684,0.0,2,True
2025-06-29 05:00:00+02:00,4.882,4.8173,5.1607,4.8173,0.0,3,True
2025-06-29 06:00:00+02:00,4.8173,4.8717,4.8955,4.8173,0.0,2,True
2025-06-29 07:00:00+02:00,4.8717,5.1989,5.1989,4.8717,0.0,2,True
2025-06-29 08:00:00+02:00,5.1989,5.3009,5.3009,5.1077,0.0,3,True
2025-06-29 09:00:00+02:00,5.3009,5.4342,5.4361,5.229,0.0,33,True
2025-06-29 10:00:00+02:00,5.4342,5.4342,5.4342,5.4342,0.0,0,True
2025-06-29 11:00:00+02:00,5.4342,5.2828,5.4342,5.1315,0.0,3,True
2025-06-29 12:00:00+02:00,5.2828,5.3366,5.4164,5.2828,0.0,3,True
2025-06-29 13:00:00+02:00,5.3366,5.1506,5.4433,5.1506,0.0,3,True
2025-06-29 14:00:00+02:00,5.1506,5.4691,5.4962,5.1506,0.0,4,True
2025-06-29 15:00:00+02:00,5.4691,5.3635,5.4691,5.3635,0.0,3,True
2025-06-29 16:00:00+02:00,5.3635,5.4177,5.525,5.3635,0.0,3,True
2025-06-29 17:00:00+02:00,5.4177,5.2144,5.4177,5.2144,0.0,4,True
2025-06-29 18:00:00+02:00,5.2144,5.6042,5.6042,5.2144,0.0,2,True
2025-06-29 19:00:00+02:00,5.6042,5.3833,5.6042,5.3833,0.0,3,True
2025-06-29 20:00:00+02:00,5.3833,5.5542,5.5801,5.3411,0.0,4,True
2025-06-29 21:00:00+02:00,5.5542,5.3379,5.5542,5.3379,0.0,2,True
2025-06-29 22:00:00+02:00,5.3379,5.3214,5.3379,5.1089,0.0,4,True
2025-06-29 23:00:00+02:00,5.3214,5.0366,5.3214,5.0366,0.0,2,True
2025-06-30 00:00:00+02:00,5.0366,5.0188,5.0366,4.9386,0.0,2,True
2025-06-30 01:00:00+02:00,5.0188,4.9729,5.0188,4.9399,0.0,2,True
2025-06-30 02:00:00+02:00,4.9729,5.1835,5.2489,4.9729,0.0,4,True
2025-06-30 03:00:00+02:00,5.1835,5.5065,5.5065,5.1835,0.0,2,True
2025-06-30 04:00:00+02:00,5.5065,5.5065,5.5065,5.5065,0.0,0,True
2025-06-30 05:00:00+02:00,5.5065,5.448,5.5065,5.3775,0.0,3,True
2025-06-30 06:00:00+02:00,5.448,5.612,5.612,5.3672,0.0,3,True
2025-06-30 07:00:00+02:00,5.612,5.3673,5.612,5.3673,0.0,2,True
2025-06-30 08:00:00+02:00,5.3673,5.2113,5.4425,5.1301,0.0,4,True
2025-06-30 09:00:00+02:00,5.2113,4.9131,5.2113,4.9131,0.0,3,True
2025-06-30 10:00:00+02:00,4.9131,5.0688,5.0688,4.9131,0.0,2,True
2025-06-30 11:00:00+02:00,5.0688,5.4154,5.4154,4.9856,0.0,3,True
2025-06-30 12:00:00+02:00,5.4154,5.6649,5.7967,5.4154,0.0,3,True
2025-06-30 13:00:00+02:00,5.6649,5.3249,5.6649,5.3249,0.0,2,True
2025-06-30 14:00:00+02:00,5.3249,5.0807,5.4033,5.0807,0.0,3,True
2025-06-30 15:00:00+02:00,5.0807,5.491,5.491,4.9563,0.0,7,True
2025-06-30 16:00:00+02:00,5.491,5.385,5.491,5.385,0.0,1,True
2025-06-30 17:00:00+02:00,5.385,5.1744,5.385,5.1469,0.0,2,True
2025-06-30 18:00:00+02:00,5.1744,5.0777,5.1744,5.0538,0.0,2,True
2025-06-30 19:00:00+02:00,5.0777,5.0601,5.0777,5.0211,0.0,2,True
2025-06-30 20:00:00+02:00,5.0601,4.9946,5.0601,4.9946,0.0,1,True
2025-06-30 21:00:00+02:00,4.9946,4.984,5.0448,4.9401,0.0,3,True
2025-06-30 22:00:00+02:00,4.984,5.0016,5.0353,4.984,0.0,2,True
2025-06-30 23:00:00+02:00,5.0016,5.0086,5.1231,5.0016,0.0,3,True
2025-07-01 00:00:00+02:00,5.0086,5.0445,5.0445,5.0086,0.0,1,True
2025-07-01 01:00:00+02:00,5.0445,5.1887,5.1887,5.0445,0.0,1,True
2025-07-01 02:00:00+02:00,5.1887,5.116,5.1887,5.116,0.0,1,True
2025-07-01 03:00:00+02:00,5.116,4.8141,5.116,4.8141,0.0,3,True
2025-07-01 04:00:00+02:00,4.8141,4.4228,4.8141,4.4228,0.0,4,True
2025-07-01 05:00:00+02:00,4.4228,4.4812,4.4812,4.4228,0.0,1,True
2025-07-01 06:00:00+02:00,4.4812,4.5063,4.5063,4.4057,0.0,2,True
2025-07-01 07:00:00+02:00,4.5063,4.5433,4.5869,4.5063,0.0,2,True
2025-07-01 08:00:00+02:00,4.5433,4.5542,4.6435,4.5433,0.0,3,True
2025-07-01 09:00:00+02:00,4.5542,4.4596,4.5542,4.4596,0.0,1,True
2025-07-01 10:00:00+02:00,4.4596,4.4729,4.5054,4.4596,0.0,2,True
2025-07-01 11:00:00+02:00,4.4729,4.5674,4.615,4.4729,0.0,4,True
2025-07-01 12:00:00+02:00,4.5674,4.7032,4.7032,4.5674,0.0,2,True
2025-07-01 13:00:00+02:00,4.7032,4.8028,4.8028,4.6819,0.0,2,True
2025-07-01 14:00:00+02:00,4.8028,4.8998,5.2807,4.8028,0.0,5,True
2025-07-01 15:00:00+02:00,4.8998,4.9006,4.9006,4.8998,0.0,1,True
2025-07-01 16:00:00+02:00,4.9006,4.7479,5.0699,4.7479,0.0,3,True
2025-07-01 17:00:00+02:00,4.7479,4.6229,4.7479,4.6229,0.0,2,True
2025-07-01 18:00:00+02:00,4.6229,4.9022,4.9022,4.6229,0.0,4,True
2025-07-01 19:00:00+02:00,4.9022,4.7746,4.9022,4.6938,0.0,2,True
2025-07-01 20:00:00+02:00,4.7746,4.5086,4.7746,4.5086,0.0,3,True
2025-07-01 21:00:00+02:00,4.5086,4.829,4.829,4.5086,0.0,2,True
2025-07-01 22:00:00+02:00,4.829,4.7773,4.829,4.6533,0.0,2,True
2025-07-01 23:00:00+02:00,4.7773,4.52,4.7773,4.52,0.0,3,True
2025-07-02 00:00:00+02:00,4.52,4.4267,4.52,4.4267,0.0,2,True
2025-07-02 01:00:00+02:00,4.4267,4.5786,4.5919,4.4267,0.0,3,True
2025-07-02 02:00:00+02:00,4.5786,4.1737,4.5786,4.1737,0.0,5,True
2025-07-02 03:00:00+02:00,4.1737,4.0187,4.1737,3.8872,0.0,3,True
2025-07-02 04:00:00+02:00,4.0187,4.4128,4.4128,4.0187,0.0,6,True
2025-07-02 05:00:00+02:00,4.4128,4.4182,4.4182,4.097,0.0,3,True
2025-07-02 06:00:00+02:00,4.4182,4.4691,4.5303,4.3034,0.0,5,True
2025-07-02 07:00:00+02:00,4.4691,4.4053,4.4895,4.1962,0.0,4,True
2025-07-02 08:00:00+02:00,4.4053,4.7141,4.7141,4.2307,0.0001,7,True
2025-07-02 09:00:00+02:00,4.7141,4.5782,4.7141,4.5782,0.0,2,True
2025-07-02 10:00:00+02:00,4.5782,4.828,4.9201,4.5782,0.0,6,True
2025-07-02 11:00:00+02:00,4.828,4.8243,4.9132,4.6197,0.0,4,True
2025-07-02 12:00:00+02:00,4.8243,4.8689,5.1672,4.7293,0.0,7,True
2025-07-02 13:00:00+02:00,4.8689,4.4645,4.8689,4.2705,0.0,4,True
2025-07-02 14:00:00+02:00,4.4645,4.6799,4.6799,4.2109,0.0,4,True
2025-07-02 15:00:00+02:00,4.6799,5.167,5.167,4.6068,0.0,5,True
2025-07-02 16:00:00+02:00,5.167,5.0048,5.167,5.0048,0.0,3,True
2025-07-02 17:00:00+02:00,5.0048,5.0354,5.2147,4.9662,0.0,5,True
2025-07-02 18:00:00+02:00,5.0354,5.1013,5.4011,5.0354,0.0,3,True
2025-07-02 19:00:00+02:00,5.1013,4.7398,5.1398,4.7398,0.0,2,True
2025-07-02 20:00:00+02:00,4.7398,5.273,5.273,4.6553,0.0,6,True
2025-07-02 21:00:00+02:00,5.273,4.6427,5.273,4.6114,0.0,5,True
2025-07-02 22:00:00+02:00,4.6427,5.0643,5.1476,4.6427,0.0,4,True
2025-07-02 23:00:00+02:00,5.0643,4.6759,5.0643,4.5929,0.0,4,True
2025-07-03 00:00:00+02:00,4.6759,4.659,4.8359,4.659,0.0,2,True
2025-07-03 01:00:00+02:00,4.659,4.3829,4.659,4.2881,0.0,6,True
2025-07-03 02:00:00+02:00,4.3829,4.1132,4.4131,3.9694,0.0,6,True
2025-07-03 03:00:00+02:00,4.1132,4.3575,4.3575,4.0769,0.0,5,True
2025-07-03 04:00:00+02:00,4.3575,4.7462,4.7462,4.2799,0.0,4,True
2025-07-03 05:00:00+02:00,4.7462,4.2204,4.7462,4.1919,0.0,4,True
2025-07-03 06:00:00+02:00,4.2204,4.3633,4.4007,4.172,0.0,4,True
2025-07-03 07:00:00+02:00,4.3633,4.4929,4.4929,4.1996,0.0,4,True
2025-07-03 08:00:00+02:00,4.4929,4.4336,4.4929,4.4336,0.0,3,True
2025-07-03 09:00:00+02:00,4.4336,4.5062,4.7499,4.4336,0.0,3,True
2025-07-03 10:00:00+02:00,4.5062,4.4612,4.5977,4.3016,0.0,4,True
2025-07-03 11:00:00+02:00,4.4612,5.0019,5.0019,4.4612,0.0,7,True
2025-07-03 12:00:00+02:00,5.0019,4.5654,5.0019,4.5654,0.0,3,True
2025-07-03 13:00:00+02:00,4.5654,4.6339,4.9195,4.5654,0.0,4,True
2025-07-03 14:00:00+02:00,4.6339,5.1498,5.1882,4.5791,0.0,5,True
2025-07-03 15:00:00+02:00,5.1498,4.2997,5.1498,4.2997,0.0,3,True
2025-07-03 16:00:00+02:00,4.2997,4.548,4.548,4.2997,0.0,3,True
2025-07-03 17:00:00+02:00,4.548,3.7906,4.6784,3.7906,0.0,4,True
2025-07-03 18:00:00+02:00,3.7906,3.499,3.7906,3.453,0.0,3,True
2025-07-03 19:00:00+02:00,3.499,3.3645,3.6637,3.3645,0.0,5,True
2025-07-03 20:00:00+02:00,3.3645,3.7814,3.7814,3.3207,0.0,5,True
2025-07-03 21:00:00+02:00,3.7814,3.5493,3.7814,3.5193,0.0,5,True
2025-07-03 22:00:00+02:00,3.5493,3.4536,3.6684,3.1803,0.0,4,True
2025-07-03 23:00:00+02:00,3.4536,3.2234,3.5322,3.2234,0.0,4,True
2025-07-04 00:00:00+02:00,3.2234,3.8836,3.8836,3.2234,0.0,5,True
2025-07-04 01:00:00+02:00,3.8836,3.5243,3.8836,3.5243,0.0,4,True
2025-07-04 02:00:00+02:00,3.5243,3.5467,3.5467,3.1731,0.0,3,True
2025-07-04 03:00:00+02:00,3.5467,3.4157,3.8462,3.4157,0.0,6,True
2025-07-04 04:00:00+02:00,3.4157,2.9506,3.5577,2.9506,0.0,4,True
2025-07-04 05:00:00+02:00,2.9506,3.2172,3.2172,2.9506,0.0,3,True
2025-07-04 06:00:00+02:00,3.2172,3.3665,3.4081,3.1086,0.0,5,True
2025-07-04 07:00:00+02:00,3.3665,4.0111,4.0111,3.3665,0.0,5,True
2025-07-04 08:00:00+02:00,4.0111,3.5472,4.0289,3.5472,0.0,4,True
2025-07-04 09:00:00+02:00,3.5472,3.5246,3.6772,3.446,0.0,4,True
2025-07-04 10:00:00+02:00,3.5246,3.8934,3.9143,3.5246,0.0,4,True
2025-07-04 11:00:00+02:00,3.8934,3.9508,3.9508,3.797,0.0,3,True
2025-07-04 12:00:00+02:00,3.9508,4.2881,4.2881,3.8636,0.0,5,True
2025-07-04 13:00:00+02:00,4.2881,4.6916,4.6916,4.2557,0.0,5,True
2025-07-04 14:00:00+02:00,4.6916,4.7805,4.9957,4.6916,0.0,4,True
2025-07-04 15:00:00+02:00,4.7805,5.1269,5.1269,4.6777,0.0,4,True
2025-07-04 16:00:00+02:00,5.1269,5.0667,5.1269,4.9012,0.0,5,True
2025-07-04 17:00:00+02:00,5.0667,5.1862,5.578,5.034,0.0,8,True
2025-07-04 18:00:00+02:00,5.1862,5.4678,5.4989,5.1676,0.0,4,True
2025-07-04 19:00:00+02:00,5.4678,5.2799,5.4678,5.1678,0.0,5,True
2025-07-04 20:00:00+02:00,5.2799,5.3359,5.6645,5.2645,0.0,7,True
2025-07-04 21:00:00+02:00,5.3359,4.9301,5.3359,4.9301,0.0,4,True
2025-07-04 22:00:00+02:00,4.9301,4.8612,4.9301,4.6977,0.0,3,True
2025-07-04 23:00:00+02:00,4.8612,4.729,5.14,4.729,0.0,6,True
2025-07-05 00:00:00+02:00,4.729,4.7416,5.0992,4.729,0.0,6,True
2025-07-05 01:00:00+02:00,4.7416,4.8674,4.892,4.6918,0.0,5,True
2025-07-05 02:00:00+02:00,4.8674,4.3558,4.8674,4.2578,0.0,5,True
2025-07-05 03:00:00+02:00,4.3558,4.4289,4.5734,4.3558,0.0,3,True
2025-07-05 04:00:00+02:00,4.4289,5.1752,5.2098,4.4289,0.0,5,True
2025-07-05 05:00:00+02:00,5.1752,4.9399,5.2968,4.8225,0.0,6,True
2025-07-05 06:00:00+02:00,4.9399,5.5324,5.5324,4.9399,0.0,3,True
2025-07-05 07:00:00+02:00,5.5324,4.7847,5.5324,4.7847,0.0,6,True
2025-07-05 08:00:00+02:00,4.7847,4.728,4.7847,4.6295,0.0,3,True
2025-07-05 09:00:00+02:00,4.728,4.9399,4.9399,4.6101,0.0,5,True
2025-07-05 10:00:00+02:00,4.9399,4.4595,4.9399,4.4206,0.0,5,True
2025-07-05 11:00:00+02:00,4.4595,4.7151,4.7906,4.4595,0.0,4,True
2025-07-05 12:00:00+02:00,4.7151,4.5193,4.7151,4.49,0.0,4,True
2025-07-05 13:00:00+02:00,4.5193,4.5402,4.7828,4.4528,0.0,6,True
2025-07-05 14:00:00+02:00,4.5402,4.627,4.8155,4.5402,0.0,3,True
2025-07-05 15:00:00+02:00,4.627,4.2563,4.732,4.2563,0.0,5,True
2025-07-05 16:00:00+02:00,4.2563,4.3435,4.3435,4.1511,0.0,4,True
2025-07-05 17:00:00+02:00,4.3435,4.3589,4.3589,4.1987,0.0,4,True
2025-07-05 18:00:00+02:00,4.3589,4.0192,4.3787,4.0192,0.0,3,True
2025-07-05 19:00:00+02:00,4.0192,4.26,4.26,3.9455,0.0,3,True
2025-07-05 20:00:00+02:00,4.26,4.5924,4.617,4.2309,0.0,4,True
2025-07-05 21:00:00+02:00,4.5924,4.4487,4.6039,4.3757,0.0,4,True
2025-07-05 22:00:00+02:00,4.4487,4.5263,4.5878,4.443,0.0,5,True
2025-07-05 23:00:00+02:00,4.5263,4.4989,4.6531,4.4989,0.0,2,True
2025-07-06 00:00:00+02:00,4.4989,4.7415,4.9018,4.4989,0.0,4,True
2025-07-06 01:00:00+02:00,4.7415,4.9688,5.0196,4.6558,0.0,4,True
2025-07-06 02:00:00+02:00,4.9688,4.6944,4.9877,4.6944,0.0,3,True
2025-07-06 03:00:00+02:00,4.6944,4.0984,4.8466,4.0984,0.0001,6,True
2025-07-06 04:00:00+02:00,4.0984,4.2992,4.2992,4.0621,0.0,4,True
2025-07-06 05:00:00+02:00,4.2992,4.2394,4.434,4.2394,0.0,4,True
2025-07-06 06:00:00+02:00,4.2394,4.9838,5.0618,4.2394,0.0,5,True
2025-07-06 07:00:00+02:00,4.9838,4.5868,4.9908,4.5868,0.0,5,True
2025-07-06 08:00:00+02:00,4.5868,4.4534,4.5868,4.4534,0.0,3,True
2025-07-06 09:00:00+02:00,4.4534,3.9625,4.4534,3.7244,0.0,5,True
2025-07-06 10:00:00+02:00,3.9625,4.4512,4.4512,3.8858,0.0,5,True
2025-07-06 11:00:00+02:00,4.4512,4.5853,4.8649,4.4512,0.0,6,True
2025-07-06 12:00:00+02:00,4.5853,5.0824,5.0824,4.5853,0.0,3,True
2025-07-06 13:00:00+02:00,5.0824,4.752,5.0824,4.6361,0.0,3,True
2025-07-06 14:00:00+02:00,4.752,5.0558,5.0558,4.752,0.0,2,True
2025-07-06 15:00:00+02:00,5.0558,5.0353,5.0558,4.8246,0.0,4,True
2025-07-06 16:00:00+02:00,5.0353,4.8313,5.0353,4.8313,0.0,2,True
2025-07-06 17:00:00+02:00,4.8313,5.574,5.6096,4.8313,0.0,5,True
2025-07-06 18:00:00+02:00,5.574,5.329,5.6061,5.329,0.0,3,True
2025-07-06 19:00:00+02:00,5.329,5.6175,5.8168,5.329,0.0,5,True
2025-07-06 20:00:00+02:00,5.6175,5.9396,5.9396,5.2308,0.0,5,True
2025-07-06 21:00:00+02:00,5.9396,6.1262,6.1655,5.8362,0.0,5,True
2025-07-06 22:00:00+02:00,6.1262,5.9163,6.2995,5.8029,0.0,4,True
2025-07-06 23:00:00+02:00,5.9163,5.545,5.9163,5.545,0.0,5,True
2025-07-07 00:00:00+02:00,5.545,6.1118,6.1118,5.545,0.0,4,True
2025-07-07 01:00:00+02:00,6.1118,6.494,6.494,6.0949,0.0,3,True
2025-07-07 02:00:00+02:00,6.494,6.5579,6.6113,6.3229,0.0,6,True
2025-07-07 03:00:00+02:00,6.5579,6.8861,6.8861,6.3472,0.0,3,True
2025-07-07 04:00:00+02:00,6.8861,6.2905,6.8861,6.2634,0.0,4,True
2025-07-07 05:00:00+02:00,6.2905,6.7279,6.728,6.2905,0.0,3,True
2025-07-07 06:00:00+02:00,6.7279,6.559,6.7279,6.4439,0.0,3,True
2025-07-07 07:00:00+02:00,6.559,6.1215,6.559,6.0143,0.0,7,True
2025-07-07 08:00:00+02:00,6.1215,5.4763,6.3018,5.4763,0.0,4,True
2025-07-07 09:00:00+02:00,5.4763,5.9169,5.9169,5.3857,0.0,5,True
2025-07-07 10:00:00+02:00,5.9169,5.3949,5.9169,5.3641,0.0,5,True
2025-07-07 11:00:00+02:00,5.3949,5.4571,5.4919,5.3859,0.0,4,True
2025-07-07 12:00:00+02:00,5.4571,5.1609,5.4571,5.1609,0.0,2,True
2025-07-07 13:00:00+02:00,5.1609,5.7135,5.7135,5.1609,0.0,3,True
2025-07-07 14:00:00+02:00,5.7135,5.5971,5.7409,5.5971,0.0,3,True
2025-07-07 15:00:00+02:00,5.5971,5.801,5.801,5.2826,0.0,5,True
2025-07-07 16:00:00+02:00,5.801,5.2865,5.8045,5.2509,0.0,5,True
2025-07-07 17:00:00+02:00,5.2865,4.7117,5.2865,4.7117,0.0,5,True
2025-07-07 18:00:00+02:00,4.7117,4.7219,4.7219,4.616,0.0,3,True
2025-07-07 19:00:00+02:00,4.7219,5.1463,5.1463,4.7219,0.0,5,True
2025-07-07 20:00:00+02:00,5.1463,4.8743,5.1463,4.7043,0.0,4,True
2025-07-07 21:00:00+02:00,4.8743,4.6539,5.0467,4.6539,0.0,5,True
2025-07-07 22:00:00+02:00,4.6539,4.7893,4.7893,4.4445,0.0,5,True
2025-07-07 23:00:00+02:00,4.7893,5.1911,5.1911,4.7302,0.0,4,True
2025-07-08 00:00:00+02:00,5.1911,4.6632,5.3313,4.5624,0.0,5,True
2025-07-08 01:00:00+02:00,4.6632,4.6734,4.855,4.6632,0.0,3,True
2025-07-08 02:00:00+02:00,4.6734,4.7574,4.7574,4.3521,0.0,4,True
2025-07-08 03:00:00+02:00,4.7574,4.6965,4.7574,4.6098,0.0,2,True
2025-07-08 04:00:00+02:00,4.6965,4.4404,4.6965,4.3337,0.0,3,True
2025-07-08 05:00:00+02:00,4.4404,4.6717,4.6717,4.0989,0.0,4,True
2025-07-08 06:00:00+02:00,4.6717,4.5737,4.6717,4.3989,0.0,3,True
2025-07-08 07:00:00+02:00,4.5737,4.0468,4.5911,4.0468,0.0,5,True
2025-07-08 08:00:00+02:00,4.0468,4.1357,4.4116,4.0468,0.0,27,True
2025-07-08 09:00:00+02:00,4.1357,3.5582,4.1361,3.5582,0.0,58,True
2025-07-08 10:00:00+02:00,3.5582,4.0016,4.0924,3.5582,0.0,5,True
2025-07-08 11:00:00+02:00,4.0016,4.247,4.247,3.9146,0.0,2,True
2025-07-08 12:00:00+02:00,4.247,3.8031,4.247,3.7193,0.0,5,True
2025-07-08 13:00:00+02:00,3.8031,3.7188,3.9689,3.7188,0.0,3,True
2025-07-08 14:00:00+02:00,3.7188,4.2092,4.2092,3.2574,0.0001,7,True
2025-07-08 15:00:00+02:00,4.2092,4.2092,4.2092,4.2092,0.0,0,True
2025-07-08 16:00:00+02:00,4.2092,4.6043,4.6043,4.2092,0.0,4,True
2025-07-08 17:00:00+02:00,4.6043,4.5015,4.6043,4.3167,0.0,4,True
2025-07-08 18:00:00+02:00,4.5015,5.4178,5.4392,4.5015,0.0,6,True
2025-07-08 19:00:00+02:00,5.4178,4.5454,5.4178,4.5454,0.0,5,True
2025-07-08 20:00:00+02:00,4.5454,4.9002,4.9002,4.5454,0.0,3,True
2025-07-08 21:00:00+02:00,4.9002,5.3564,5.3564,4.9002,0.0,4,True
2025-07-08 22:00:00+02:00,5.3564,5.4696,5.4696,5.0612,0.0,4,True
2025-07-08 23:00:00+02:00,5.4696,5.0616,5.4696,5.0616,0.0,2,True
2025-07-09 00:00:00+02:00,5.0616,5.1522,5.3393,4.99,0.0,5,True
2025-07-09 01:00:00+02:00,5.1522,5.8413,5.9184,5.1522,0.0,5,True
2025-07-09 02:00:00+02:00,5.8413,5.9664,6.0006,5.8413,0.0,2,True
2025-07-09 03:00:00+02:00,5.9664,6.0301,6.0301,5.7493,0.0,3,True
2025-07-09 04:00:00+02:00,6.0301,5.8414,6.0689,5.8414,0.0,3,True
2025-07-09 05:00:00+02:00,5.8414,6.1902,6.1902,5.347,0.0,4,True
2025-07-09 06:00:00+02:00,6.1902,6.1696,6.1902,5.8134,0.0,3,True
2025-07-09 07:00:00+02:00,6.1696,5.7461,6.1696,5.7461,0.0,4,True
2025-07-09 08:00:00+02:00,5.7461,5.4822,5.7461,5.2849,0.0,3,True
2025-07-09 09:00:00+02:00,5.4822,5.8692,6.1884,5.4822,0.0,4,True
2025-07-09 10:00:00+02:00,5.8692,6.3248,6.3248,5.6986,0.0,3,True
2025-07-09 11:00:00+02:00,6.3248,5.2771,6.3248,5.2771,0.0001,5,True
2025-07-09 12:00:00+02:00,5.2771,5.6212,5.6212,5.1704,0.0,6,True
2025-07-09 13:00:00+02:00,5.6212,5.7855,6.0517,5.6212,0.0,3,True
2025-07-09 14:00:00+02:00,5.7855,5.179,5.7855,5.1493,0.0,5,True
2025-07-09 15:00:00+02:00,5.179,6.1657,6.1657,5.179,0.0,4,True
2025-07-09 16:00:00+02:00,6.1657,5.7429,6.1657,5.5964,0.0,4,True
2025-07-09 17:00:00+02:00,5.7429,5.8605,6.5927,5.7429,0.0001,7,True
2025-07-09 18:00:00+02:00,5.8605,4.9641,5.8605,4.9641,0.0,5,True
2025-07-09 19:00:00+02:00,4.9641,5.1358,5.6435,4.9641,0.0,6,True
2025-07-09 20:00:00+02:00,5.1358,5.2117,5.4861,5.1358,0.0,5,True
2025-07-09 21:00:00+02:00,5.2117,5.3086,5.3086,4.8337,0.0,2,True
2025-07-09 22:00:00+02:00,5.3086,4.8136,5.3086,4.8136,0.0,3,True
2025-07-09 23:00:00+02:00,4.8136,5.529,5.529,4.8136,0.0,2,True
2025-07-10 00:00:00+02:00,5.529,5.1939,5.6057,5.1939,0.0,2,True
2025-07-10 01:00:00+02:00,5.1939,5.8171,5.8171,5.0474,0.0,4,True
2025-07-10 02:00:00+02:00,5.8171,5.114,5.8171,5.114,0.0,3,True
2025-07-10 03:00:00+02:00,5.114,5.4204,5.5589,5.114,0.0,3,True
2025-07-10 04:00:00+02:00,5.4204,6.0116,6.0116,5.1965,0.0,4,True
2025-07-10 05:00:00+02:00,6.0116,5.4734,6.0116,5.4734,0.0,2,True
2025-07-10 06:00:00+02:00,5.4734,4.7569,5.4734,4.7028,0.0,3,True
2025-07-10 07:00:00+02:00,4.7569,4.9955,4.9955,4.5213,0.0,4,True
2025-07-10 08:00:00+02:00,4.9955,5.1275,5.1275,4.9955,0.0,2,True
2025-07-10 09:00:00+02:00,5.1275,5.0776,5.2813,4.8699,0.0,4,True
2025-07-10 10:00:00+02:00,5.0776,4.0946,5.0776,4.0946,0.0,3,True
2025-07-10 11:00:00+02:00,4.0946,5.8704,5.8704,4.0946,0.0001,7,True
2025-07-10 12:00:00+02:00,5.8704,6.5056,6.5056,5.8704,0.0,5,True
2025-07-10 13:00:00+02:00,6.5056,6.5835,6.6797,6.4456,0.0,4,True
2025-07-10 14:00:00+02:00,6.5835,6.3563,6.8091,6.3474,0.0,4,True
2025-07-10 15:00:00+02:00,6.3563,6.4609,6.7337,6.3563,0.0,4,True
2025-07-10 16:00:00+02:00,6.4609,5.9483,6.583,5.9483,0.0,5,True
2025-07-10 17:00:00+02:00,5.9483,5.6356,6.0817,5.6356,0.0,3,True
2025-07-10 18:00:00+02:00,5.6356,5.2527,5.6356,5.2527,0.0,4,True
2025-07-10 19:00:00+02:00,5.2527,5.5079,5.6635,5.2527,0.0,5,True
2025-07-10 20:00:00+02:00,5.5079,5.477,5.5079,5.2776,0.0,3,True
2025-07-10 21:00:00+02:00,5.477,5.6048,5.7855,5.477,0.0,4,True
2025-07-10 22:00:00+02:00,5.6048,5.5709,5.7074,5.4602,0.0,4,True
2025-07-10 23:00:00+02:00,5.5709,5.6608,5.6608,5.5709,0.0,1,True
2025-07-11 00:00:00+02:00,5.6608,5.2211,5.6608,5.2211,0.0,3,True
2025-07-11 01:00:00+02:00,5.2211,5.7475,5.7475,5.2211,0.0,3,True
2025-07-11 02:00:00+02:00,5.7475,5.6103,5.8686,5.4882,0.0,4,True
2025-07-11 03:00:00+02:00,5.6103,5.6581,5.6581,5.2429,0.0,3,True
2025-07-11 04:00:00+02:00,5.6581,5.5723,5.6581,5.3404,0.0,3,True
2025-07-11 05:00:00+02:00,5.5723,5.3248,5.5723,5.297,0.0,3,True
2025-07-11 06:00:00+02:00,5.3248,5.3124,5.4782,5.0888,0.0,4,True
2025-07-11 07:00:00+02:00,5.3124,5.2468,5.3124,4.9612,0.0,4,True
2025-07-11 08:00:00+02:00,5.2468,4.9964,5.4175,4.9964,0.0,3,True
2025-07-11 09:00:00+02:00,4.9964,5.4282,5.4282,4.6801,0.0,4,True
2025-07-11 10:00:00+02:00,5.4282,5.3499,5.4282,5.3499,0.0,1,True
2025-07-11 11:00:00+02:00,5.3499,5.2493,5.4151,5.2117,0.0,6,True
2025-07-11 12:00:00+02:00,5.2493,5.7782,5.9399,5.2493,0.0,3,True
2025-07-11 13:00:00+02:00,5.7782,5.6173,5.9837,5.6173,0.0,5,True
2025-07-11 14:00:00+02:00,5.6173,5.9233,5.9233,5.6173,0.0,2,True
2025-07-11 15:00:00+02:00,5.9233,5.8662,5.9233,5.8662,0.0,1,True
2025-07-11 16:00:00+02:00,5.8662,6.0508,6.0508,5.7512,0.0,4,True
2025-07-11 17:00:00+02:00,6.0508,5.8952,6.2548,5.8952,0.0,3,True
2025-07-11 18:00:00+02:00,5.8952,6.2594,6.2594,5.8952,0.0,2,True
2025-07-11 19:00:00+02:00,6.2594,6.0665,6.2594,5.6657,0.0,4,True
2025-07-11 20:00:00+02:00,6.0665,5.8217,6.0665,5.7506,0.0,3,True
2025-07-11 21:00:00+02:00,5.8217,5.7835,5.9508,5.766,0.0,4,True
2025-07-11 22:00:00+02:00,5.7835,5.6519,6.1004,5.6519,0.0,3,True
2025-07-11 23:00:00+02:00,5.6519,5.8161,5.8161,5.5007,0.0,3,True
2025-07-12 00:00:00+02:00,5.8161,5.3186,5.8161,5.3186,0.0,3,True
2025-07-12 01:00:00+02:00,5.3186,5.3288,5.4972,5.3186,0.0,4,True
2025-07-12 02:00:00+02:00,5.3288,5.5208,5.5208,5.3288,0.0,1,True
2025-07-12 03:00:00+02:00,5.5208,5.7094,5.7094,5.3205,0.0,3,True
2025-07-12 04:00:00+02:00,5.7094,6.2458,6.2458,5.7094,0.0,3,True
2025-07-12 05:00:00+02:00,6.2458,6.8331,6.8331,6.2458,0.0,4,True
2025-07-12 06:00:00+02:00,6.8331,6.7009,6.8331,6.5501,0.0,3,True
2025-07-12 07:00:00+02:00,6.7009,6.5664,6.8913,6.5664,0.0,4,True
2025-07-12 08:00:00+02:00,6.5664,6.4217,6.5664,6.4217,0.0,1,True
2025-07-12 09:00:00+02:00,6.4217,6.4868,6.6064,6.2599,0.0,5,True
2025-07-12 10:00:00+02:00,6.4868,6.7083,6.7083,6.4868,0.0,2,True
2025-07-12 11:00:00+02:00,6.7083,6.5633,6.7458,6.5164,0.0,3,True
2025-07-12 12:00:00+02:00,6.5633,6.8902,6.9489,6.5633,0.0,2,True
2025-07-12 13:00:00+02:00,6.8902,7.0569,7.0569,6.7677,0.0,3,True
2025-07-12 14:00:00+02:00,7.0569,6.9391,7.0569,6.9169,0.0,3,True
2025-07-12 15:00:00+02:00,6.9391,6.8182,6.9391,6.5617,0.0,4,True
2025-07-12 16:00:00+02:00,6.8182,7.24,7.2627,6.6982,0.0,4,True
2025-07-12 17:00:00+02:00,7.24,7.0933,7.3424,7.0933,0.0,3,True
2025-07-12 18:00:00+02:00,7.0933,7.1757,7.2946,7.0933,0.0,3,True
2025-07-12 19:00:00+02:00,7.1757,7.1128,7.4028,7.1128,0.0,3,True
2025-07-12 20:00:00+02:00,7.1128,7.2239,7.3007,7.1128,0.0,4,True
2025-07-12 21:00:00+02:00,7.2239,7.0462,7.2239,6.9783,0.0,3,True
2025-07-12 22:00:00+02:00,7.0462,6.9799,7.0716,6.8395,0.0,3,True
2025-07-12 23:00:00+02:00,6.9799,6.8026,7.0938,6.777,0.0,5,True
2025-07-13 00:00:00+02:00,6.8026,6.7055,6.9855,6.7055,0.0,3,True
2025-07-13 01:00:00+02:00,6.7055,6.5144,6.8529,6.5144,0.0,3,True
2025-07-13 02:00:00+02:00,6.5144,6.3296,6.8114,6.3296,0.0,4,True
2025-07-13 03:00:00+02:00,6.3296,6.8861,6.8861,6.3296,0.0,4,True
2025-07-13 04:00:00+02:00,6.8861,6.3335,6.8861,6.3335,0.0,3,True
2025-07-13 05:00:00+02:00,6.3335,6.4172,6.6022,6.3335,0.0,3,True
2025-07-13 06:00:00+02:00,6.4172,5.9547,6.5628,5.9547,0.0,4,True
2025-07-13 07:00:00+02:00,5.9547,6.0647,6.2239,5.8281,0.0,4,True
2025-07-13 08:00:00+02:00,6.0647,6.7,6.7,6.0647,0.0,2,True
2025-07-13 09:00:00+02:00,6.7,6.146,6.7,6.146,0.0,3,True
2025-07-13 10:00:00+02:00,6.146,5.9482,6.146,5.8934,0.0,3,True
2025-07-13 11:00:00+02:00,5.9482,6.0734,6.4973,5.9482,0.0,4,True
2025-07-13 12:00:00+02:00,6.0734,6.2527,6.4355,6.0734,0.0,4,True
2025-07-13 13:00:00+02:00,6.2527,5.9398,6.2527,5.9398,0.0,3,True
2025-07-13 14:00:00+02:00,5.9398,6.1932,6.3329,5.9398,0.0,3,True
2025-07-13 15:00:00+02:00,6.1932,6.0528,6.1932,5.8339,0.0,3,True
2025-07-13 16:00:00+02:00,6.0528,6.1692,6.1692,6.0528,0.0,1,True
2025-07-13 17:00:00+02:00,6.1692,5.7628,6.1692,5.7164,0.0,4,True
2025-07-13 18:00:00+02:00,5.7628,5.9325,5.9824,5.4966,0.0,5,True
2025-07-13 19:00:00+02:00,5.9325,5.8041,5.9325,5.8041,0.0,2,True
2025-07-13 20:00:00+02:00,5.8041,5.6597,6.0213,5.6597,0.0,3,True
2025-07-13 21:00:00+02:00,5.6597,5.8784,5.8784,5.6597,0.0,3,True
2025-07-13 22:00:00+02:00,5.8784,5.8025,5.8784,5.6964,0.0,3,True
2025-07-13 23:00:00+02:00,5.8025,5.9774,5.9774,5.6581,0.0,2,True
2025-07-14 00:00:00+02:00,5.9774,5.6007,5.9774,5.6007,0.0,3,True
2025-07-14 01:00:00+02:00,5.6007,5.4442,5.6242,5.2528,0.0,4,True
2025-07-14 02:00:00+02:00,5.4442,5.5499,5.5499,5.4442,0.0,1,True
2025-07-14 03:00:00+02:00,5.5499,4.9126,5.5499,4.9126,0.0,5,True
2025-07-14 04:00:00+02:00,4.9126,5.2172,5.2172,4.9126,0.0,4,True
2025-07-14 05:00:00+02:00,5.2172,5.0827,5.2905,4.9645,0.0,3,True
2025-07-14 06:00:00+02:00,5.0827,4.9256,5.1394,4.9039,0.0,4,True
2025-07-14 07:00:00+02:00,4.9256,5.3853,5.3853,4.9256,0.0,4,True
2025-07-14 08:00:00+02:00,5.3853,5.5354,5.6686,5.3853,0.0,2,True
2025-07-14 09:00:00+02:00,5.5354,5.5317,5.5683,5.2767,0.0,6,True
2025-07-14 10:00:00+02:00,5.5317,6.2333,6.2333,5.5317,0.0,4,True
2025-07-14 11:00:00+02:00,6.2333,6.1292,6.2333,6.0006,0.0,4,True
2025-07-14 12:00:00+02:00,6.1292,6.3651,6.5469,6.0536,0.0,6,True
2025-07-14 13:00:00+02:00,6.3651,6.3134,6.5278,6.3134,0.0,4,True
2025-07-14 14:00:00+02:00,6.3134,6.2837,6.5416,6.178,0.0,5,True
2025-07-14 15:00:00+02:00,6.2837,6.3796,6.629,6.2536,0.0,7,True
2025-07-14 16:00:00+02:00,6.3796,6.5275,6.5275,6.3022,0.0,4,True
2025-07-14 17:00:00+02:00,6.5275,6.4235,6.5275,6.0395,0.0,5,True
2025-07-14 18:00:00+02:00,6.4235,6.2072,6.6213,6.2072,0.0,6,True
2025-07-14 19:00:00+02:00,6.2072,6.6283,6.6283,6.1907,0.0,3,True
2025-07-14 20:00:00+02:00,6.6283,6.1773,6.6283,6.1773,0.0,4,True
2025-07-14 21:00:00+02:00,6.1773,6.3949,6.3949,6.1773,0.0,3,True
2025-07-14 22:00:00+02:00,6.3949,6.2418,6.418,6.209,0.0,6,True
2025-07-14 23:00:00+02:00,6.2418,6.7098,6.7386,6.2418,0.0,5,True
2025-07-15 00:00:00+02:00,6.7098,6.4907,6.7098,6.3766,0.0,6,True
2025-07-15 01:00:00+02:00,6.4907,6.1486,6.4907,6.1486,0.0,4,True
2025-07-15 02:00:00+02:00,6.1486,6.5716,6.5716,6.1486,0.0,4,True
2025-07-15 03:00:00+02:00,6.5716,6.5789,6.8488,6.4294,0.0,7,True
2025-07-15 04:00:00+02:00,6.5789,6.5709,6.5789,6.3801,0.0,4,True
2025-07-15 05:00:00+02:00,6.5709,6.4512,6.7729,6.2836,0.0,6,True
2025-07-15 06:00:00+02:00,6.4512,6.8961,6.942,6.4512,0.0,9,True
2025-07-15 07:00:00+02:00,6.8961,6.6973,6.9583,6.6241,0.0,3,True
2025-07-15 08:00:00+02:00,6.6973,6.5472,6.9266,6.5472,0.0,4,True
2025-07-15 09:00:00+02:00,6.5472,7.2097,7.2097,6.5472,0.0,5,True
2025-07-15 10:00:00+02:00,7.2097,6.8122,7.2097,6.8122,0.0,4,True
2025-07-15 11:00:00+02:00,6.8122,6.9948,7.0575,6.6753,0.0,5,True
2025-07-15 12:00:00+02:00,6.9948,7.223,7.2975,6.7955,0.0,5,True
2025-07-15 13:00:00+02:00,7.223,7.0074,7.223,6.8815,0.0,5,True
2025-07-15 14:00:00+02:00,7.0074,7.1118,7.1195,6.7783,0.0,4,True
2025-07-15 15:00:00+02:00,7.1118,7.2986,7.2986,7.0253,0.0,6,True
2025-07-15 16:00:00+02:00,7.2986,7.4417,7.4417,7.23,0.0,3,True
2025-07-15 17:00:00+02:00,7.4417,7.56,7.56,7.3588,0.0,4,True
2025-07-15 18:00:00+02:00,7.56,7.8061,7.8215,7.56,0.0,3,True
2025-07-15 19:00:00+02:00,7.8061,7.6607,7.853,7.6266,0.0,4,True
2025-07-15 20:00:00+02:00,7.6607,7.6965,7.6965,7.4609,0.0,3,True
2025-07-15 21:00:00+02:00,7.6965,7.6395,7.6965,7.5791,0.0,3,True
2025-07-15 22:00:00+02:00,7.6395,7.6056,7.6395,7.5502,0.0,4,True
2025-07-15 23:00:00+02:00,7.6056,7.5062,7.6056,7.5062,0.0,2,True
2025-07-16 00:00:00+02:00,7.5062,7.5035,7.5062,7.5035,0.0,2,True
2025-07-16 01:00:00+02:00,7.5035,7.5136,7.5136,7.4714,0.0,3,True
2025-07-16 02:00:00+02:00,7.5136,7.9791,7.9791,7.5136,0.0,5,True
2025-07-16 03:00:00+02:00,7.9791,7.6637,7.9791,7.6637,0.0,2,True
2025-07-16 04:00:00+02:00,7.6637,7.823,7.823,7.6366,0.0,2,True
2025-07-16 05:00:00+02:00,7.823,7.8565,7.9246,7.7955,0.0,3,True
2025-07-16 06:00:00+02:00,7.8565,7.6723,7.8565,7.6723,0.0,3,True
2025-07-16 07:00:00+02:00,7.6723,7.6971,7.7532,7.6723,0.0,3,True
2025-07-16 08:00:00+02:00,7.6971,8.0113,8.0113,7.6971,0.0,3,True
2025-07-16 09:00:00+02:00,8.0113,8.6661,8.6661,8.0113,0.0,2,True
2025-07-16 10:00:00+02:00,8.6661,8.5341,8.6661,8.5341,0.0,3,True
2025-07-16 11:00:00+02:00,8.5341,8.1974,8.5855,8.1974,0.0,2,True
2025-07-16 12:00:00+02:00,8.1974,7.9726,8.2223,7.8586,0.0,4,True
2025-07-16 13:00:00+02:00,7.9726,7.9034,8.1793,7.7686,0.0,6,True
2025-07-16 14:00:00+02:00,7.9034,7.8554,7.9034,7.5604,0.0,5,True
2025-07-16 15:00:00+02:00,7.8554,7.8439,7.8554,7.7612,0.0,3,True
2025-07-16 16:00:00+02:00,7.8439,7.8744,8.0041,7.8439,0.0,3,True
2025-07-16 17:00:00+02:00,7.8744,7.9358,8.0516,7.8744,0.0,4,True
2025-07-16 18:00:00+02:00,7.9358,8.3193,8.3193,7.9358,0.0,1,True
2025-07-16 19:00:00+02:00,8.3193,8.2426,8.3193,8.085,0.0,3,True
2025-07-16 20:00:00+02:00,8.2426,7.8389,8.3742,7.8389,0.0,4,True
2025-07-16 21:00:00+02:00,7.8389,7.6049,7.8389,7.6049,0.0,3,True
2025-07-16 22:00:00+02:00,7.6049,7.7269,7.7269,7.5363,0.0,4,True
2025-07-16 23:00:00+02:00,7.7269,7.6952,7.8018,7.6952,0.0,2,True
2025-07-17 00:00:00+02:00,7.6952,7.6452,7.7599,7.6452,0.0,3,True
2025-07-17 01:00:00+02:00,7.6452,7.5384,7.6453,7.5232,0.0,8,True
2025-07-17 02:00:00+02:00,7.5384,7.2486,7.5384,7.1014,0.0,5,True
2025-07-17 03:00:00+02:00,7.2486,6.9921,7.2486,6.9921,0.0,3,True
2025-07-17 04:00:00+02:00,6.9921,6.656,6.9921,6.656,0.0,4,True
2025-07-17 05:00:00+02:00,6.656,6.6035,6.656,6.5114,0.0,4,True
2025-07-17 06:00:00+02:00,6.6035,6.4117,6.6035,6.268,0.0,7,True
2025-07-17 07:00:00+02:00,6.4117,6.7416,6.7416,6.4117,0.0,2,True
2025-07-17 08:00:00+02:00,6.7416,7.3321,7.3792,6.7416,0.0,7,True
2025-07-17 09:00:00+02:00,7.3321,7.4748,7.549,7.3321,0.0,5,True
2025-07-17 10:00:00+02:00,7.4748,7.3853,7.7432,7.348,0.0,6,True
2025-07-17 11:00:00+02:00,7.3853,7.3692,7.4985,7.3692,0.0,4,True
2025-07-17 12:00:00+02:00,7.3692,8.6907,8.6907,7.3692,0.0001,6,True
2025-07-17 13:00:00+02:00,8.6907,8.6427,8.7251,8.6427,0.0,2,True
2025-07-17 14:00:00+02:00,8.6427,8.6979,8.7509,8.5856,0.0,4,True
2025-07-17 15:00:00+02:00,8.6979,9.0018,9.0018,8.6979,0.0,4,True
2025-07-17 16:00:00+02:00,9.0018,8.9283,9.0018,8.9144,0.0,3,True
2025-07-17 17:00:00+02:00,8.9283,8.7944,8.9718,8.6056,0.0,6,True
2025-07-17 18:00:00+02:00,8.7944,8.9196,8.9323,8.7776,0.0,3,True
2025-07-17 19:00:00+02:00,8.9196,9.1095,9.1095,8.7052,0.0,5,True
2025-07-17 20:00:00+02:00,9.1095,8.8673,9.1095,8.8673,0.0,3,True
2025-07-17 21:00:00+02:00,8.8673,8.9083,8.9083,8.6719,0.0,5,True
2025-07-17 22:00:00+02:00,8.9083,9.0554,9.2051,8.9083,0.0,3,True
2025-07-17 23:00:00+02:00,9.0554,8.9659,9.0554,8.9659,0.0,2,True
2025-07-18 00:00:00+02:00,8.9659,8.8167,8.9659,8.705,0.0,3,True
2025-07-18 01:00:00+02:00,8.8167,8.9998,9.0996,8.8167,0.0,2,True
2025-07-18 02:00:00+02:00,8.9998,9.1321,9.1321,8.9998,0.0,3,True
2025-07-18 03:00:00+02:00,9.1321,9.191,9.191,9.1321,0.0,1,True
2025-07-18 04:00:00+02:00,9.191,8.8054,9.191,8.8054,0.0,4,True
2025-07-18 05:00:00+02:00,8.8054,8.7014,8.8054,8.6927,0.0,3,True
2025-07-18 06:00:00+02:00,8.7014,8.9058,8.9058,8.7014,0.0,2,True
2025-07-18 07:00:00+02:00,8.9058,9.2401,9.2401,8.9058,0.0,3,True
2025-07-18 08:00:00+02:00,9.2401,8.9166,9.2401,8.9166,0.0,3,True
2025-07-18 09:00:00+02:00,8.9166,9.464,9.464,8.9066,0.0,4,True
2025-07-18 10:00:00+02:00,9.464,9.1483,9.464,9.0784,0.0,2,True
2025-07-18 11:00:00+02:00,9.1483,9.0792,9.4887,9.0792,0.0,5,True
2025-07-18 12:00:00+02:00,9.0792,10.5273,10.5273,9.0792,0.0001,6,True
2025-07-18 13:00:00+02:00,10.5273,10.5557,10.5557,10.4546,0.0,4,True
2025-07-18 14:00:00+02:00,10.5557,10.5975,10.649,10.5557,0.0,3,True
2025-07-18 15:00:00+02:00,10.5975,10.3056,10.5975,10.3056,0.0,3,True
2025-07-18 16:00:00+02:00,10.3056,10.516,10.516,10.2568,0.0,3,True
2025-07-18 17:00:00+02:00,10.516,10.65,10.701,10.35,0.0,4,True
2025-07-18 18:00:00+02:00,10.65,10.1357,10.7083,10.1357,0.0001,5,True
2025-07-18 19:00:00+02:00,10.1357,10.1446,10.1446,9.8875,0.0,5,True
2025-07-18 20:00:00+02:00,10.1446,10.6166,10.6166,10.1262,0.0,3,True
2025-07-18 21:00:00+02:00,10.6166,10.8197,10.8197,10.5754,0.0,3,True
2025-07-18 22:00:00+02:00,10.8197,10.2605,10.8197,10.2605,0.0,5,True
2025-07-18 23:00:00+02:00,10.2605,10.3805,10.4139,10.0228,0.0,4,True
2025-07-19 00:00:00+02:00,10.3805,10.221,10.4456,10.0682,0.0,4,True
2025-07-19 01:00:00+02:00,10.221,9.8108,10.221,9.7144,0.0,5,True
2025-07-19 02:00:00+02:00,9.8108,9.5665,9.8108,9.5665,0.0,3,True
2025-07-19 03:00:00+02:00,9.5665,9.4483,9.7325,9.4333,0.0,4,True
2025-07-19 04:00:00+02:00,9.4483,9.4263,9.5069,9.328,0.0,4,True
2025-07-19 05:00:00+02:00,9.4263,9.6201,9.6335,9.4263,0.0,4,True
2025-07-19 06:00:00+02:00,9.6201,9.6121,9.6201,9.1506,0.0,5,True
2025-07-19 07:00:00+02:00,9.6121,9.3866,9.6121,9.3866,0.0,2,True
2025-07-19 08:00:00+02:00,9.3866,9.9043,9.9043,9.2235,0.0,5,True
2025-07-19 09:00:00+02:00,9.9043,9.9463,10.0711,9.8861,0.0,5,True
2025-07-19 10:00:00+02:00,9.9463,10.2801,10.2801,9.9083,0.0,6,True
2025-07-19 11:00:00+02:00,10.2801,10.2209,10.2801,10.2209,0.0,3,True
2025-07-19 12:00:00+02:00,10.2209,9.9601,10.2209,9.8985,0.0,5,True
2025-07-19 13:00:00+02:00,9.9601,9.8975,10.1073,9.818,0.0,6,True
2025-07-19 14:00:00+02:00,9.8975,9.6971,9.8975,9.6971,0.0,4,True
2025-07-19 15:00:00+02:00,9.6971,9.652,10.1035,9.6098,0.0,5,True
2025-07-19 16:00:00+02:00,9.652,9.958,9.958,9.5724,0.0,5,True
2025-07-19 17:00:00+02:00,9.958,9.9968,9.9968,9.7991,0.0,4,True
2025-07-19 18:00:00+02:00,9.9968,9.7722,9.9968,9.7722,0.0,4,True
2025-07-19 19:00:00+02:00,9.7722,9.8955,9.8955,9.7406,0.0,4,True
2025-07-19 20:00:00+02:00,9.8955,9.3624,10.0264,9.3624,0.0,5,True
2025-07-19 21:00:00+02:00,9.3624,9.7494,9.7494,9.2554,0.0,4,True
2025-07-19 22:00:00+02:00,9.7494,9.5877,9.7494,9.5877,0.0,4,True
2025-07-19 23:00:00+02:00,9.5877,9.8949,9.9284,9.5869,0.0,5,True
2025-07-20 00:00:00+02:00,9.8949,9.5122,9.8949,9.491,0.0,4,True
2025-07-20 01:00:00+02:00,9.5122,9.7736,9.7736,9.318,0.0,7,True
2025-07-20 02:00:00+02:00,9.7736,9.4433,9.7736,9.4433,0.0,3,True
2025-07-20 03:00:00+02:00,9.4433,9.8061,9.8118,9.4433,0.0,8,True
2025-07-20 04:00:00+02:00,9.8061,9.6235,9.8244,9.5544,0.0,7,True
2025-07-20 05:00:00+02:00,9.6235,9.6351,9.7765,9.6235,0.0,3,True
2025-07-20 06:00:00+02:00,9.6351,10.1543,10.1543,9.6351,0.0,3,True
2025-07-20 07:00:00+02:00,10.1543,10.0765,10.1543,9.7251,0.0,4,True
2025-07-20 08:00:00+02:00,10.0765,9.5705,10.0765,9.5705,0.0,4,True
2025-07-20 09:00:00+02:00,9.5705,9.9237,9.9237,9.4981,0.0,5,True
2025-07-20 10:00:00+02:00,9.9237,9.346,9.9422,9.346,0.0,6,True
2025-07-20 11:00:00+02:00,9.346,9.8728,9.8728,9.346,0.0,4,True
2025-07-20 12:00:00+02:00,9.8728,9.6749,9.8919,9.5418,0.0,5,True
2025-07-20 13:00:00+02:00,9.6749,9.4948,9.799,9.4948,0.0,4,True
2025-07-20 14:00:00+02:00,9.4948,9.9504,10.0385,9.4948,0.0,6,True
2025-07-20 15:00:00+02:00,9.9504,10.0538,10.262,9.9504,0.0,4,True
2025-07-20 16:00:00+02:00,10.0538,9.9537,10.0538,9.947,0.0,2,True
2025-07-20 17:00:00+02:00,9.9537,10.0255,10.0255,9.5321,0.0,6,True
2025-07-20 18:00:00+02:00,10.0255,9.607,10.0255,9.607,0.0,5,True
2025-07-20 19:00:00+02:00,9.607,10.1668,10.1668,9.607,0.0,6,True
2025-07-20 20:00:00+02:00,10.1668,10.1838,10.305,10.1668,0.0,3,True
2025-07-20 21:00:00+02:00,10.1838,10.3799,10.723,10.1838,0.0,6,True
2025-07-20 22:00:00+02:00,10.3799,9.8939,10.3799,9.8939,0.0,4,True
2025-07-20 23:00:00+02:00,9.8939,9.5801,9.8939,9.5801,0.0,4,True
2025-07-21 00:00:00+02:00,9.5801,10.2984,10.2984,9.5801,0.0,4,True
2025-07-21 01:00:00+02:00,10.2984,10.1786,10.3716,10.1786,0.0,6,True
2025-07-21 02:00:00+02:00,10.1786,10.4862,10.5901,10.0688,0.0,6,True
2025-07-21 03:00:00+02:00,10.4862,10.4365,10.6278,10.4365,0.0,4,True
2025-07-21 04:00:00+02:00,10.4365,10.1182,10.4365,9.9627,0.0,5,True
2025-07-21 05:00:00+02:00,10.1182,10.456,10.456,10.114,0.0,3,True
2025-07-21 06:00:00+02:00,10.456,10.8259,10.8259,10.456,0.0,4,True
2025-07-21 07:00:00+02:00,10.8259,10.7791,11.0349,10.7791,0.0,3,True
2025-07-21 08:00:00+02:00,10.7791,10.9516,10.9516,10.745,0.0,4,True
2025-07-21 09:00:00+02:00,10.9516,10.707,11.122,10.707,0.0,4,True
2025-07-21 10:00:00+02:00,10.707,10.982,10.982,10.707,0.0,4,True
2025-07-21 11:00:00+02:00,10.982,12.9127,12.9127,10.9816,0.0,6,True
2025-07-21 12:00:00+02:00,12.9127,10.9079,13.3394,10.9079,0.0,4,True
2025-07-21 13:00:00+02:00,10.9079,11.5847,11.5847,10.9079,0.0,3,True
2025-07-21 14:00:00+02:00,11.5847,10.9084,11.5847,10.8708,0.0,5,True
2025-07-21 15:00:00+02:00,10.9084,10.9729,10.9729,10.6717,0.0,3,True
2025-07-21 16:00:00+02:00,10.9729,11.8475,11.8475,10.9729,0.0,4,True
2025-07-21 17:00:00+02:00,11.8475,10.9417,11.8475,10.8593,0.0,5,True
2025-07-21 18:00:00+02:00,10.9417,12.0162,12.0162,10.9417,0.0,3,True
2025-07-21 19:00:00+02:00,12.0162,11.0915,12.0162,10.9688,0.0,7,True
2025-07-21 20:00:00+02:00,11.0915,10.9885,11.1595,10.9885,0.0,2,True
2025-07-21 21:00:00+02:00,10.9885,11.7463,11.7463,10.9885,0.0,3,True
2025-07-21 22:00:00+02:00,11.7463,11.062,11.7463,11.062,0.0,3,True
2025-07-21 23:00:00+02:00,11.062,11.0778,11.3203,10.9447,0.0,3,True
2025-07-22 00:00:00+02:00,11.0778,11.7367,12.1781,11.0778,0.0,3,True
2025-07-22 01:00:00+02:00,11.7367,11.7801,12.7621,11.3769,0.0,6,True
2025-07-22 02:00:00+02:00,11.7801,11.5931,12.6608,11.5931,0.0,3,True
2025-07-22 03:00:00+02:00,11.5931,10.9642,11.5931,10.9367,0.0,3,True
2025-07-22 04:00:00+02:00,10.9642,10.7732,10.9642,10.7028,0.0,3,True
2025-07-22 05:00:00+02:00,10.7732,10.4432,10.7732,10.4053,0.0,4,True
2025-07-22 06:00:00+02:00,10.4432,11.2348,11.2348,10.4233,0.0,3,True
2025-07-22 07:00:00+02:00,11.2348,10.7512,11.2348,10.7512,0.0,3,True
2025-07-22 08:00:00+02:00,10.7512,10.7326,10.7512,10.3912,0.0,5,True
2025-07-22 09:00:00+02:00,10.7326,10.5259,10.7829,10.5259,0.0,3,True
2025-07-22 10:00:00+02:00,10.5259,10.7961,10.7961,10.5259,0.0,2,True
2025-07-22 11:00:00+02:00,10.7961,10.7597,10.7961,10.7052,0.0,4,True
2025-07-22 12:00:00+02:00,10.7597,10.537,10.8882,10.537,0.0,4,True
2025-07-22 13:00:00+02:00,10.537,10.5567,10.6316,10.5189,0.0,3,True
2025-07-22 14:00:00+02:00,10.5567,10.3315,10.5567,10.3315,0.0,2,True
2025-07-22 15:00:00+02:00,10.3315,10.8386,10.8386,10.3315,0.0,4,True
2025-07-22 16:00:00+02:00,10.8386,10.4463,10.8386,10.4463,0.0,3,True
2025-07-22 17:00:00+02:00,10.4463,9.7902,10.4463,9.7902,0.0,4,True
2025-07-22 18:00:00+02:00,9.7902,10.4715,10.5321,9.7902,0.0,5,True
2025-07-22 19:00:00+02:00,10.4715,10.0849,10.4715,10.0682,0.0,3,True
2025-07-22 20:00:00+02:00,10.0849,10.0101,10.0849,9.8946,0.0,2,True
2025-07-22 21:00:00+02:00,10.0101,10.4003,10.4887,10.0101,0.0,4,True
2025-07-22 22:00:00+02:00,10.4003,10.8685,10.8685,10.4003,0.0,3,True
2025-07-22 23:00:00+02:00,10.8685,10.8607,10.9236,10.8123,0.0,3,True
2025-07-23 00:00:00+02:00,10.8607,10.6211,10.8607,10.5421,0.0,2,True
2025-07-23 01:00:00+02:00,10.6211,10.3832,10.6842,10.3832,0.0,2,True
2025-07-23 02:00:00+02:00,10.3832,10.8781,10.8781,10.3691,0.0,3,True
2025-07-23 03:00:00+02:00,10.8781,10.7559,10.8781,10.4932,0.0,5,True
2025-07-23 04:00:00+02:00,10.7559,10.7552,10.7559,10.5356,0.0,4,True
2025-07-23 05:00:00+02:00,10.7552,10.8151,11.147,10.7552,0.0,2,True
2025-07-23 06:00:00+02:00,10.8151,10.8563,10.8563,10.5883,0.0,4,True
2025-07-23 07:00:00+02:00,10.8563,10.8664,10.9107,10.8563,0.0,2,True
2025-07-23 08:00:00+02:00,10.8664,10.5738,10.8664,10.5395,0.0,3,True
2025-07-23 09:00:00+02:00,10.5738,10.6233,10.8755,10.5554,0.0,3,True
2025-07-23 10:00:00+02:00,10.6233,10.708,10.708,10.375,0.0,4,True
2025-07-23 11:00:00+02:00,10.708,10.4239,10.708,10.2726,0.0,4,True
2025-07-23 12:00:00+02:00,10.4239,10.9027,10.9027,10.4239,0.0,2,True
2025-07-23 13:00:00+02:00,10.9027,10.7534,10.9027,10.7493,0.0,4,True
2025-07-23 14:00:00+02:00,10.7534,10.746,10.7534,10.5416,0.0,4,True
2025-07-23 15:00:00+02:00,10.746,10.8569,11.3662,10.6635,0.0,5,True
2025-07-23 16:00:00+02:00,10.8569,10.8513,10.8713,10.7345,0.0,3,True
2025-07-23 17:00:00+02:00,10.8513,10.7109,10.8513,10.6297,0.0,4,True
2025-07-23 18:00:00+02:00,10.7109,10.8963,11.0691,10.7109,0.0,6,True
2025-07-23 19:00:00+02:00,10.8963,10.7012,10.9831,10.7012,0.0,2,True
2025-07-23 20:00:00+02:00,10.7012,10.9542,10.9542,10.5019,0.0,3,True
2025-07-23 21:00:00+02:00,10.9542,10.6161,10.9542,10.6161,0.0,2,True
2025-07-23 22:00:00+02:00,10.6161,10.524,10.6929,10.524,0.0,3,True
2025-07-23 23:00:00+02:00,10.524,10.4664,10.759,10.4664,0.0,4,True
2025-07-24 00:00:00+02:00,10.4664,10.313,10.5689,10.313,0.0,3,True
2025-07-24 01:00:00+02:00,10.313,10.8246,10.8246,10.313,0.0001,5,True
2025-07-24 02:00:00+02:00,10.8246,10.3989,10.8246,10.3989,0.0,3,True
2025-07-24 03:00:00+02:00,10.3989,10.4563,10.4563,10.3355,0.0,4,True
2025-07-24 04:00:00+02:00,10.4563,10.591,10.606,10.4563,0.0,2,True
2025-07-24 05:00:00+02:00,10.591,10.5834,10.7646,10.4555,0.0,4,True
2025-07-24 06:00:00+02:00,10.5834,10.2845,10.5834,10.2331,0.0,3,True
2025-07-24 07:00:00+02:00,10.2845,10.1297,10.3789,10.1297,0.0,2,True
2025-07-24 08:00:00+02:00,10.1297,10.7655,10.7933,10.1297,0.0,5,True
2025-07-24 09:00:00+02:00,10.7655,10.7481,10.7655,10.7421,0.0,2,True
2025-07-24 10:00:00+02:00,10.7481,10.7939,10.7939,10.6791,0.0,2,True
2025-07-24 11:00:00+02:00,10.7939,10.8019,10.8019,10.5041,0.0,5,True
2025-07-24 12:00:00+02:00,10.8019,10.7752,10.8019,10.4694,0.0,4,True
2025-07-24 13:00:00+02:00,10.7752,10.8636,10.8636,10.7752,0.0,2,True
2025-07-24 14:00:00+02:00,10.8636,10.2691,10.8636,10.2691,0.0,6,True
2025-07-24 15:00:00+02:00,10.2691,10.2691,10.2691,10.2691,0.0,0,False
